Step,AgentID,Decision,Explanation
1,-1239688,selfish,"The agent is an evacuee with a relatively short distance to the exit and is currently not positioned near the target obstacle. Given the high number of nearby obstacles (20) and the presence of other evacuees near the target obstacle (6), the agent's contribution to removing the obstacle may not significantly impact the evacuation process. Additionally, with no current volunteers, the agent's focus should be on reaching the exit rather than risking their safety to assist others."
1,-1239702,volunteer,"The agent is close to the target obstacle and there are several evacuees nearby who may benefit from the removal of the obstacle. With a significant estimated evacuation impact of 0.64 and 6 evacuees near the target obstacle, volunteering to remove it could facilitate a quicker exit for multiple individuals, enhancing overall safety and efficiency."
1,-1239716,volunteer,"The agent is positioned close to the exit and has a reasonable chance of helping to remove the nearby obstacle. With a high estimated evacuation impact of 0.68 and multiple evacuees near the target obstacle, volunteering to assist could significantly aid in the overall evacuation effort, especially since there is only one current volunteer."
3,-1239716,volunteer,"assigned volunteer cleared obstacle"
4,-1239702,volunteer,"assigned volunteer cleared obstacle"
10,-1239688,volunteer,"The agent is positioned close to the target obstacle and there are many evacuees nearby. By volunteering to remove the obstacle, the agent can significantly impact the overall evacuation process, especially since the estimated evacuation impact is 0.75. This action not only helps others but also improves the chances of a quicker exit for all, including the agent."
10,-1239730,selfish,"The agent is an evacuee located 6 units from the exit and has a considerable distance of 9 units to the target obstacle. With 5 evacuees near the target obstacle and only 1 current volunteer, the agent's involvement would not significantly improve the evacuation process due to the high number of nearby obstacles and the low estimated evacuation impact of 0.64. Therefore, it is more beneficial for the agent to prioritize their own evacuation."
10,-1239744,volunteer,"The agent is situated close to the exit (3 units away) and there are nearby obstacles that are impacting the evacuation process. By volunteering to remove the target obstacle at (25, 12), which is affecting 8 other evacuees, the agent can significantly improve the evacuation flow. The estimated evacuation impact of 0.73 indicates a strong benefit to removing this obstacle, thus making it a favorable decision to volunteer."
10,-1239688,volunteer,"assigned volunteer cleared obstacle"
20,-1239856,volunteer,"The agent is in a position where removing the nearby target obstacle (1, 15) would significantly benefit the evacuation effort, as it is only 1 unit away from the exit and there are 7 evacuees near it. The estimated evacuation impact of 0.76 suggests that volunteering will facilitate a smoother evacuation process, helping not only the agent but also the nearby evacuees."
20,-1239884,volunteer,"The agent is only 2 units away from the exit and has a high estimated evacuation impact of 0.63. By volunteering to remove the nearby obstacle, the agent can significantly help themselves and others evacuate more efficiently. Additionally, with only 1 current volunteer and 2 evacuees near the target obstacle, their assistance is crucial for improving the situation."
20,-1239968,selfish,"The agent is only 3 units away from the exit and has a high estimated evacuation impact of 0.74. Given that there are already 2 current volunteers and 6 evacuees near the target obstacle, the agent should prioritize their own evacuation rather than volunteering to remove an obstacle."
21,-1239856,volunteer,"assigned volunteer cleared obstacle"
23,-1239884,volunteer,"assigned volunteer cleared obstacle"
30,-1240024,volunteer,"The agent is in a critical position with a distance of 3 to the exit and can significantly impact the evacuation by removing a nearby obstacle. With 2 evacuees near the target obstacle and an estimated evacuation impact of 0.66, volunteering to remove the obstacle is likely to facilitate a quicker exit for themselves and others."
30,-1240178,volunteer,"The agent is very close to the exit (distance of 1) and has a chance to assist in removing an obstacle (target obstacle at (1, 16)) that could potentially help other evacuees. The estimated evacuation impact of 0.65 indicates a significant benefit to the overall evacuation process. Since there are already 1 current volunteer and 1 evacuee near the target obstacle, volunteering to remove the obstacle can facilitate a quicker evacuation for themselves and others."
31,-1240178,volunteer,"assigned volunteer cleared obstacle"
1,-1241082,volunteer,"The agent should volunteer to remove the obstacle because there are 8 evacuees near the target obstacle, and removing it could significantly improve the evacuation process. The estimated evacuation impact of 0.69 indicates a considerable positive effect on the overall evacuation effort, especially with the agent being only 12 units away from the exit."
1,-1241096,volunteer,"The agent should volunteer to remove the obstacle because it is positioned to directly assist other evacuees (7 nearby) and the evacuation impact is significant (0.63). Although there is a greater distance to the exit after removing the obstacle (13.00), facilitating the exit for more evacuees outweighs the individual distance concern."
1,-1241110,selfish,"The agent is an evacuee and is 13 units away from the exit. With 10 evacuees near the target obstacle and only 2 current volunteers, the agent's removal of the obstacle could help, but given the high number of nearby obstacles (20) and the agent's current distance to the exit, prioritizing personal evacuation is more critical. The estimated evacuation impact of 0.70 suggests some benefit, but the agent's immediate safety and distance to exit take precedence."
1,-1241082,volunteer,"assigned volunteer cleared obstacle"
1,-1241096,volunteer,"assigned volunteer cleared obstacle"
10,-1241068,volunteer,"The agent is in a position to volunteer to remove the target obstacle at (11, 6) which is crucial for the evacuation of 9 nearby evacuees. With an estimated evacuation impact of 0.71, volunteering could significantly enhance the overall evacuation process, especially since there are currently no other volunteers. The distance to the exit is manageable, and helping to clear this obstacle could facilitate a quicker exit for all affected evacuees."
10,-1241082,volunteer,"The agent should volunteer to remove the obstacle as it is positioned near a target obstacle that is blocking the exit for 12 other evacuees. By volunteering, the agent can significantly improve the evacuation efficiency, with an estimated impact of 0.81. Although there are several nearby obstacles, addressing this specific one will facilitate a quicker evacuation for multiple individuals."
10,-1241110,volunteer,"The agent is in a position to help remove a nearby obstacle that is blocking the exit route. With only 5 units of distance to the exit and 10 nearby agents, the estimated evacuation impact of 0.77 indicates that volunteering to remove the obstacle could significantly aid in the evacuation process. Additionally, there are currently only 2 volunteers, suggesting that more assistance is needed to clear the path efficiently."
10,-1241068,volunteer,"assigned volunteer cleared obstacle"
10,-1241110,volunteer,"assigned volunteer cleared obstacle"
13,-1241082,volunteer,"assigned volunteer cleared obstacle"
20,-1241068,selfish,"The agent is an evacuee with a distance of only 3 to the exit. The nearby target obstacle is 5 units away and there are 7 evacuees near it, suggesting that removing it may not significantly improve the situation for the agent. Additionally, with no current volunteers and the agent's proximity to the exit, prioritizing self-evacuation is more advantageous."
20,-1241124,volunteer,"The agent is in close proximity to the exit and can significantly impact the evacuation process by volunteering to remove the nearby obstacle. With a distance of only 4 to the exit and the estimated evacuation impact being 0.61, it indicates that assisting in the removal of the obstacle will facilitate the evacuation of not only themselves but also the nearby evacuees. Additionally, with 3 evacuees near the target obstacle, their collective effort can lead to a quicker and more efficient evacuation."
20,-1241166,selfish,"The agent is an evacuee positioned 4 units from the exit and has a distance of 6 units to the target obstacle, which is further than the distance to the exit. With 4 evacuees near the target obstacle and only 1 current volunteer, the estimated evacuation impact of 0.65 suggests that their contribution is less critical. Given the proximity to the exit and the presence of multiple evacuees nearby, it is more beneficial for the agent to prioritize their own evacuation rather than volunteer to remove the obstacle."
23,-1241124,volunteer,"assigned volunteer cleared obstacle"
30,-1241208,volunteer,"The agent should volunteer to remove the nearby obstacle at (19, 7). With 3 evacuees near the target obstacle and an estimated evacuation impact of 0.58, removing the obstacle will significantly help the group. Although the distance to exit is 7 and the distance to the obstacle is 11, the potential to assist others and improve the overall evacuation situation outweighs remaining selfish."
30,-1241320,volunteer,"The agent should volunteer to remove the target obstacle at (12, 4) because it is close to the exit (5 units away) and there are 3 evacuees nearby who could benefit from the obstacle being removed. The estimated evacuation impact of 0.65 indicates a significant positive effect on the overall evacuation process."
30,-1241432,volunteer,"The agent is close to the exit and the nearby obstacle (19, 2) is blocking the path for another evacuee. By volunteering to remove the obstacle, the agent can significantly impact the evacuation process positively, especially with a high estimated evacuation impact of 0.60."
32,-1241208,volunteer,"assigned volunteer cleared obstacle"
32,-1241432,volunteer,"assigned volunteer cleared obstacle"
33,-1241320,volunteer,"assigned volunteer cleared obstacle"
40,-1241432,volunteer,"The agent is positioned close to the exit and there is a nearby obstacle that could hinder evacuation. By volunteering to remove the obstacle, the agent can significantly improve the evacuation impact for themselves and others, as the estimated evacuation impact is high (0.61). Additionally, with only one nearby agent and no current volunteers, it is a good opportunity to contribute to the group's safety and facilitate a smoother exit."
41,-1241432,volunteer,"assigned volunteer cleared obstacle"
1,-1242012,volunteer,"The agent should volunteer to remove the obstacle at (7, 16) because there are 10 evacuees near it, and removing it would significantly aid in their evacuation. The estimated evacuation impact of 0.73 indicates a high benefit to the overall evacuation process. Additionally, the agent is relatively close to the exit (6 units away), which allows for a balance between helping others and ensuring their own safety."
1,-1242026,volunteer,"The agent should volunteer to remove the obstacle as doing so will have a significant positive impact on the evacuation process, given the high estimated evacuation impact of 0.68. Additionally, there are multiple evacuees near the target obstacle, and removing it could facilitate their escape, making it a collective benefit."
1,-1242040,volunteer,"The agent should volunteer to remove the obstacle because assisting in removing the nearby obstacle can help improve the evacuation process for themselves and others. Given the estimated evacuation impact of 0.58, the agent's action would significantly contribute to the overall evacuation effort, which is beneficial considering there are several evacuees near the target obstacle."
1,-1242040,volunteer,"assigned volunteer cleared obstacle"
2,-1242012,volunteer,"assigned volunteer cleared obstacle"
3,-1242026,volunteer,"assigned volunteer cleared obstacle"
10,-1242012,selfish,"Given the agent's role as an evacuee and the proximity to the exit (only 4 units away), it is more beneficial for the agent to focus on reaching the exit rather than volunteering to remove an obstacle that is 8 units away. Additionally, there are already 9 evacuees near the target obstacle, which suggests that the effort to remove it may not significantly impact the overall evacuation. Therefore, remaining selfish allows the agent to prioritize its own escape."
10,-1242040,volunteer,"The agent should volunteer to remove the obstacle at (28, 15) because it is directly blocking the exit and can significantly improve the evacuation process. With an estimated evacuation impact of 0.74 and 6 evacuees near the target obstacle, removing it would facilitate a quicker exit for multiple agents, benefiting the overall evacuation effort."
10,-1242054,volunteer,"The agent is in a position to help clear a nearby obstacle that is affecting the evacuation process. With 5 evacuees near the target obstacle and a significant estimated evacuation impact of 0.67, volunteering to remove the obstacle could facilitate quicker access to the exit for multiple individuals. Additionally, there is currently only 1 volunteer, indicating that the effort is needed."
12,-1242040,volunteer,"assigned volunteer cleared obstacle"
12,-1242054,volunteer,"assigned volunteer cleared obstacle"
20,-1242054,volunteer,"The agent is positioned relatively close to the exit and there are nearby evacuees who may benefit from the removal of the obstacle. The estimated evacuation impact of 0.66 indicates that volunteering could significantly aid the overall evacuation process. Additionally, with no current volunteers and multiple nearby obstacles, volunteering could enhance the chances of a successful evacuation for the group."
20,-1242082,selfish,"The agent is an evacuee and is only 4 steps away from the exit. With 15 nearby obstacles and 5 evacuees near the target obstacle, volunteering to remove it may not significantly increase the overall evacuation process. The agent should prioritize their immediate escape rather than risking their safety for the obstacle removal."
20,-1242096,volunteer,"The agent is in close proximity to the exit and has a good chance of contributing positively to the evacuation process by removing the nearby obstacle. With an estimated evacuation impact of 0.65 and 3 evacuees near the target obstacle, volunteering may significantly aid in the evacuation of others."
22,-1242054,volunteer,"assigned volunteer cleared obstacle"
30,-1242502,volunteer,"The agent is in close proximity to the target obstacle and there are two evacuees near it. By volunteering to remove the obstacle, the agent contributes to the overall evacuation effort, which has a significant estimated impact of 0.66. Additionally, the agent is only 2 units away from the exit, making it feasible to help without significantly delaying their own evacuation."
30,-1242642,volunteer,"The agent is in proximity to a target obstacle that affects the evacuation of others. By removing the obstacle, the agent can significantly contribute to the evacuation effort, improving the overall evacuation impact, especially since there are evacuees nearby who will benefit from the removal."
30,-1242712,volunteer,"The agent should volunteer to remove the obstacle at (15, 27) because it is only 2 units away from the exit and there is only one other evacuee nearby. The estimated evacuation impact of 0.65 indicates a significant benefit to the overall evacuation process. By volunteering, the agent can help facilitate a quicker exit for themselves and the nearby evacuee."
30,-1242502,volunteer,"assigned volunteer cleared obstacle"
32,-1242642,volunteer,"assigned volunteer cleared obstacle"
1,-1242970,volunteer,"The agent is in a position to help remove a nearby obstacle that is impacting 11 evacuees. With a high estimated evacuation impact of 0.75, volunteering to remove the obstacle at (15, 8) could significantly aid in the evacuation process, especially since there are currently no volunteers and the agent is close to the exit."
1,-1242984,volunteer,"By volunteering to remove the nearby obstacle, the agent can significantly help improve the evacuation situation for themselves and the other evacuees. With an estimated evacuation impact of 0.65, the agent's effort will facilitate the exit for the 4 nearby evacuees, improving the overall evacuation process."
1,-1243012,volunteer,"The agent is positioned near the target obstacle and there are nearby evacuees who could benefit from its removal. With a significant estimated evacuation impact of 0.65, volunteering to remove the obstacle could facilitate the escape of multiple evacuees, including itself. The agent's actions could help improve the situation for others while also potentially shortening its own distance to exit."
2,-1242970,volunteer,"assigned volunteer cleared obstacle"
4,-1242984,volunteer,"assigned volunteer cleared obstacle"
4,-1243012,volunteer,"assigned volunteer cleared obstacle"
10,-1242970,volunteer,"The agent is in a position to help remove a nearby obstacle (target obstacle at (14, 8)) that is affecting a significant number of evacuees (12). With a high estimated evacuation impact of 0.76, volunteering to remove this obstacle can facilitate the escape of others and improve overall evacuation efficiency. Additionally, the agent's distance to exit is relatively short (6), allowing them to contribute without significantly delaying their own evacuation."
10,-1242998,volunteer,"The agent should volunteer to remove the target obstacle because there are multiple evacuees near it (8), and by removing it, the estimated evacuation impact is significant (0.72). Additionally, the agent is only 5 units away from the exit, making it feasible to assist others while still being able to evacuate quickly."
10,-1243026,volunteer,"The agent is in close proximity to a target obstacle that is hindering the evacuation of several nearby evacuees. With a distance of only 4 to the exit, removing the obstacle could significantly aid in improving overall evacuation efforts, as the estimated evacuation impact is high (0.70). Volunteering to help clear the obstacle will not only benefit the agent's own chance of evacuation but will also assist others who are more impacted by the obstacle."
10,-1243026,volunteer,"assigned volunteer cleared obstacle"
12,-1242970,volunteer,"assigned volunteer cleared obstacle"
20,-1243068,volunteer,"The agent is in a position to assist with an obstacle removal that is blocking the exit path for other evacuees. Although there are several nearby obstacles and the agent is currently an evacuee, the estimated evacuation impact of 0.56 suggests that their involvement can significantly facilitate the evacuation process. Additionally, with two other evacuees near the target obstacle, volunteering to help remove it could directly benefit multiple individuals and speed up the overall evacuation."
20,-1243180,volunteer,"The agent is in a position to help remove an obstacle that is affecting the evacuation process. Given the estimated evacuation impact of 0.67 and the presence of nearby evacuees who could benefit from the removal of the obstacle, volunteering would help facilitate a smoother evacuation for others while also potentially improving the agent's own chances of reaching the exit."
20,-1243264,volunteer,"The agent should volunteer to remove the obstacle as there are already several nearby evacuees (4) that could benefit from the removal, and the estimated evacuation impact (0.65) indicates that it would significantly aid in the evacuation process. Additionally, with a distance of only 2 to the exit, assisting in clearing the path could expedite the evacuation for all nearby agents."
21,-1243180,volunteer,"assigned volunteer cleared obstacle"
23,-1243068,volunteer,"assigned volunteer cleared obstacle"
30,-1243068,volunteer,"The agent should volunteer to remove the nearby obstacle at (15, 11) because there is one evacuee near it, and removing the obstacle could significantly improve the evacuation process. With an estimated evacuation impact of 0.55, the agent's action could help clear the path for others, even though the distance to exit is 7, which is manageable. Since there are currently no volunteers and the agent's involvement could facilitate the evacuation for others, volunteering is a beneficial choice."
33,-1243068,volunteer,"assigned volunteer cleared obstacle"
40,-1243068,volunteer,"The agent is in a position to help remove an obstacle that is affecting the evacuation process. With a distance of 10 to the exit and the presence of nearby obstacles, volunteering could significantly improve the evacuation impact (estimated at 0.54) by clearing the path for the nearby evacuee and themselves."
42,-1243068,volunteer,"assigned volunteer cleared obstacle"
50,-1243068,volunteer,"The agent is positioned at (12, 6) with a distance of 7 to the exit. There is one nearby agent and 11 obstacles, including the target obstacle at (7, 6). By volunteering to remove the target obstacle, the agent can significantly impact the evacuation process, as the estimated evacuation impact is 0.54. Removing this obstacle could help clear a path for both the agent and the nearby evacuee, facilitating a quicker evacuation for all."
53,-1243068,volunteer,"assigned volunteer cleared obstacle"
1,-1243802,volunteer,"The agent should volunteer to remove the nearby obstacle at (22, 26) because there are 4 evacuees near it, which suggests that clearing this obstacle could significantly help the evacuation process. The estimated evacuation impact of 0.61 indicates a reasonably high benefit from this action, and since the agent is already positioned relatively close to the exit, volunteering could facilitate a quicker exit for multiple evacuees."
1,-1243816,volunteer,"The agent is in proximity to a target obstacle that is affecting the evacuation process. By volunteering to remove this obstacle, the agent can significantly contribute to the overall evacuation efforts, as there are multiple evacuees nearby (4) who would benefit from the removal. The estimated evacuation impact of 0.59 suggests that removing the obstacle could facilitate the exit for many. Given the agent's role as an evacuee and the presence of nearby obstacles, it is in the best interest of both the agent and the others to volunteer."
1,-1243830,volunteer,"The agent should volunteer to remove the obstacle because there are 12 evacuees near the target obstacle, and the estimated evacuation impact is 0.75. By removing the obstacle, the agent can significantly help the group and improve the chances of a successful evacuation."
1,-1243802,volunteer,"assigned volunteer cleared obstacle"
1,-1243830,volunteer,"assigned volunteer cleared obstacle"
2,-1243816,volunteer,"assigned volunteer cleared obstacle"
10,-1243802,volunteer,"The agent is positioned near a target obstacle that is blocking the exit route. With 5 evacuees near the obstacle and no current volunteers, the agent has the opportunity to significantly impact the evacuation process. The estimated evacuation impact of 0.62 indicates that removing the obstacle would improve the chances of a successful evacuation for nearby evacuees. Therefore, it is beneficial for the agent to volunteer and assist in the removal of the obstacle."
10,-1243830,volunteer,"The agent is positioned near a target obstacle that is impacting the evacuation process. With a high estimated evacuation impact of 0.74 and 10 evacuees near the target obstacle, volunteering to remove the obstacle can significantly aid in the overall evacuation effort. Additionally, the agent is close to the exit and has only one current volunteer, indicating that their help is needed to facilitate a quicker exit for themselves and others."
10,-1243844,volunteer,"The agent is positioned close to a target obstacle that affects 9 other evacuees, and removing it could significantly improve the evacuation process. With a relatively high estimated evacuation impact of 0.72, volunteering to remove this obstacle can help facilitate a quicker exit for many individuals, including the agent themselves."
10,-1243802,volunteer,"assigned volunteer cleared obstacle"
10,-1243830,volunteer,"assigned volunteer cleared obstacle"
20,-1243802,volunteer,"The agent is located only 2 units away from the exit and is in a position to help remove a nearby obstacle that is critically blocking 12 other evacuees. By volunteering to remove the obstacle, the agent contributes to a significant impact on the overall evacuation process, as indicated by the high estimated evacuation impact of 0.83. Given that there are currently no other volunteers, the agent's action could facilitate the escape of multiple evacuees, making it a selfless yet strategic decision."
20,-1243816,volunteer,"The agent is in close proximity to the target obstacle and can help remove it, which is crucial given the high number of evacuees (11) nearby. The estimated evacuation impact of 0.81 indicates that assisting in this situation would significantly benefit the overall evacuation effort, especially since the distance to the exit is only 3. Volunteering can help clear the path for others and enhance the group's chances of a successful evacuation."
20,-1243830,volunteer,"The agent should volunteer to remove the nearby obstacle at (12, 28) because it is only 2 units away from the exit and there are 10 evacuees near the target obstacle. By volunteering, the agent can significantly contribute to the evacuation process, given that the estimated evacuation impact is high (0.80). Additionally, there are already 2 volunteers, indicating a willingness to help, and the agent's action could greatly facilitate the exit for many evacuees."
20,-1243816,volunteer,"assigned volunteer cleared obstacle"
30,-1243970,volunteer,"The agent should volunteer to remove the obstacle at (5, 13) because it is nearby and directly impacts the evacuation process. With an estimated evacuation impact of 0.63 and two other evacuees near the target obstacle, removing it can significantly improve the chances of a quicker evacuation for all involved. Additionally, the agent's distance to the exit is only 8, indicating that they can still reach safety relatively quickly after assisting."
30,-1244166,volunteer,"The agent is only 2 units away from the exit and has the capacity to help remove a nearby obstacle that is blocking the way for others. With 2 evacuees near the target obstacle and an estimated evacuation impact of 0.62, volunteering to remove the obstacle will significantly aid in the evacuation process, making it a selfless yet beneficial decision."
30,-1244264,volunteer,"The agent is in close proximity to the exit and can significantly impact the evacuation process by volunteering to remove the nearby obstacle. With only a short distance to the exit and a high estimated evacuation impact, helping to clear the obstacle is beneficial for the overall evacuation effort."
33,-1243970,volunteer,"assigned volunteer cleared obstacle"
33,-1244166,volunteer,"assigned volunteer cleared obstacle"
33,-1244264,volunteer,"assigned volunteer cleared obstacle"
1,-1244662,volunteer,"The agent should volunteer to remove the target obstacle because it is positioned close to the exit and there are evacuees nearby who would benefit from its removal. With an estimated evacuation impact of 0.59, the agent's contribution can significantly aid in the overall evacuation effort, potentially improving the chances of all nearby evacuees reaching safety."
1,-1244690,volunteer,"The agent is in a position to help remove an obstacle that is relatively close to the exit (5.00 distance). With 4 evacuees near the target obstacle and the estimated evacuation impact being 0.66, volunteering to remove the obstacle could significantly aid in the evacuation process for multiple individuals, including themselves."
1,-1244732,volunteer,"The agent should volunteer to remove the obstacle because there is a nearby obstacle that is only 2 units from the exit, and currently, there is one evacuee near it. The estimated evacuation impact of 0.65 suggests that removing this obstacle could significantly aid the evacuation process. Furthermore, with only 2 current volunteers and 20 nearby obstacles, the agent's assistance can make a meaningful difference."
3,-1244690,volunteer,"assigned volunteer cleared obstacle"
4,-1244662,volunteer,"assigned volunteer cleared obstacle"
4,-1244732,volunteer,"assigned volunteer cleared obstacle"
10,-1244662,volunteer,"Volunteering to remove the obstacle at (4, 20) can significantly impact the evacuation process, especially since there are two evacuees near that obstacle and it is blocking the exit. With an estimated evacuation impact of 0.59, the agent's help can facilitate a quicker escape for more people, which aligns with the purpose of the evacuation."
10,-1244732,volunteer,"The agent is in a position to help remove an obstacle that is blocking the exit for nearby evacuees. Since there are 5 evacuees near the target obstacle and the estimated evacuation impact is high (0.71), volunteering to remove the obstacle will significantly aid in the evacuation process. Additionally, the agent is only 2 units away from the exit, making this action both feasible and beneficial."
10,-1244760,selfish,"The agent is an evacuee with a relatively short distance to the exit (6 units) and is already in a position to escape without needing to clear the nearby obstacle. Additionally, the presence of 17 nearby obstacles and 5 other agents indicates a high level of congestion, making it less likely that volunteering to remove the target obstacle would significantly impact the overall evacuation process. With an estimated evacuation impact of only 0.56, the agent's best option is to prioritize their own escape."
10,-1244662,volunteer,"assigned volunteer cleared obstacle"
11,-1244732,volunteer,"assigned volunteer cleared obstacle"
20,-1244648,volunteer,"The agent is in a position to help remove a nearby obstacle that is affecting the evacuation process. With 3 evacuees near the target obstacle and a significant estimated evacuation impact of 0.62, volunteering to remove the obstacle could greatly facilitate the exit for themselves and others. Since there are currently no other volunteers, this action is crucial to enhance the chances of a successful evacuation."
20,-1244760,volunteer,"The agent should volunteer to remove the obstacle because there are evacuees near the target obstacle who may need assistance. With a high estimated evacuation impact of 0.61 and being only 2 steps away from the exit, the agent's participation can significantly facilitate the evacuation process for others while also benefiting their own escape."
20,-1244788,volunteer,"The agent is close to the exit (4 units away) and there is a significant number of nearby obstacles (15). By volunteering to remove the nearby obstacle at (19, 3), the agent can contribute to improving the evacuation process, especially since there is only one evacuee near that obstacle. The estimated evacuation impact is also reasonably high (0.59), indicating that this action could have a positive effect on the overall evacuation efficiency."
21,-1244788,volunteer,"assigned volunteer cleared obstacle"
30,-1245152,selfish,"The agent is an evacuee with a distance of 4 to the exit and only 1 other nearby agent. The target obstacle is 6.00 units from the exit, and given that there are 14 nearby obstacles, the agent's contribution may not significantly impact overall evacuation. Since the agent is already close to the exit, it is more beneficial for them to focus on their own evacuation rather than volunteering to remove an obstacle."
1,-1245508,volunteer,"The agent is positioned close to a target obstacle that affects a significant number of nearby evacuees. By volunteering to remove this obstacle, the agent can potentially improve the evacuation process for others, as indicated by the estimated evacuation impact of 0.63. Given that there are currently no volunteers, the agent's action could be crucial in facilitating the escape for themselves and others."
1,-1245550,volunteer,"The agent is positioned near a target obstacle that is impacting a significant number of evacuees (12). By volunteering to remove this obstacle, the agent can help clear the path to the exit, which is only 9 units away. The estimated evacuation impact of 0.77 suggests that this action would significantly improve the overall evacuation process for the group. Additionally, there is currently only 1 volunteer, indicating that more help is needed to effectively manage the nearby obstacles."
1,-1245578,volunteer,"The agent is positioned relatively close to the target obstacle, which is hindering evacuation for a significant number of nearby evacuees (7). The estimated evacuation impact of 0.65 suggests that removing this obstacle would greatly enhance the evacuation process. With only 2 current volunteers and a distance to exit of 12, volunteering to remove the obstacle will facilitate the escape for the group while also potentially decreasing the agent's own distance to exit."
1,-1245508,volunteer,"assigned volunteer cleared obstacle"
2,-1245550,volunteer,"assigned volunteer cleared obstacle"
2,-1245578,volunteer,"assigned volunteer cleared obstacle"
10,-1245494,volunteer,"The agent should volunteer to remove the target obstacle at (16, 28) because it is directly blocking the exit, and by removing it, the agent can significantly help the 5 nearby evacuees who are also hindered by this obstacle. With a high estimated evacuation impact of 0.71, the agent's decision to assist will facilitate the evacuation process, benefiting both themselves and others."
10,-1245508,selfish,"The agent is currently 8 units away from the exit and has a relatively high estimated evacuation impact of 0.57. There is only one current volunteer, and the agent is not in a position to significantly improve the situation by removing the nearby obstacle. Removing the obstacle may also delay the agent further from reaching safety, especially with the distance to the target obstacle being 9 units."
10,-1245550,volunteer,"The agent is positioned close to an obstacle that is affecting a significant number of nearby evacuees. With 11 evacuees near the target obstacle and a high estimated evacuation impact of 0.78, volunteering to remove the obstacle will facilitate the evacuation process for many. Additionally, the agent is only 5 units away from the exit, making it feasible to assist without greatly compromising their own evacuation."
10,-1245494,volunteer,"assigned volunteer cleared obstacle"
14,-1245550,volunteer,"assigned volunteer cleared obstacle"
20,-1245508,volunteer,"The agent is close to the exit and removing the nearby obstacle would significantly aid in the evacuation process, especially considering the estimated evacuation impact of 0.63. With evacuees near the target obstacle, volunteering could improve the chances of a smoother evacuation for all."
20,-1245578,volunteer,"The agent should volunteer to remove the obstacle at (14, 28) because it is directly blocking the path to the exit, which is only 1 unit away. There are 4 evacuees near this obstacle, and removing it would significantly improve the evacuation process with an estimated impact of 0.71. Additionally, there is currently only 1 volunteer, so the agent's assistance is crucial."
20,-1245606,volunteer,"By volunteering to remove the nearby obstacle, the agent can significantly impact the evacuation process, as it will help other evacuees and reduce the overall obstacles, improving the chances for everyone to exit safely. The estimated evacuation impact of 0.64 indicates a relatively high potential benefit from their action, especially since there are 4 evacuees near the target obstacle."
21,-1245508,volunteer,"assigned volunteer cleared obstacle"
21,-1245606,volunteer,"assigned volunteer cleared obstacle"
22,-1245578,volunteer,"assigned volunteer cleared obstacle"
30,-1245578,volunteer,"The agent is in close proximity to the exit and has the opportunity to assist in removing an obstacle that is blocking the way for other evacuees. With an estimated evacuation impact of 0.62, volunteering to remove the obstacle can significantly aid the evacuation process, benefiting not only the nearby evacuees but also potentially improving the overall evacuation efficiency."
30,-1245816,volunteer,"The agent is close to the exit (2 units away) and there is only one other volunteer currently. By volunteering to remove the nearby obstacle (which is affecting another evacuee), the agent can significantly help improve the evacuation process. The estimated evacuation impact of 0.60 indicates a considerable benefit from taking action, making it a worthy choice to assist."
30,-1245914,volunteer,"The agent is positioned close to the target obstacle and there is only one evacuee near it, suggesting that removing the obstacle could significantly enhance the evacuation process. The estimated evacuation impact of 0.57 indicates a positive effect on the overall evacuation. Volunteering to remove the obstacle would help clear the path to the exit for both the agent and the evacuee nearby."
32,-1245816,volunteer,"assigned volunteer cleared obstacle"
33,-1245914,volunteer,"assigned volunteer cleared obstacle"
1,-1246340,volunteer,"The agent should volunteer to remove the obstacle at (7, 17) because it is blocking the path of 11 evacuees and its removal has an estimated evacuation impact of 0.74. Although the agent is an evacuee themselves, contributing to the removal of the obstacle can significantly aid the overall evacuation process, especially since there are no current volunteers and the distance to the exit is manageable."
1,-1246368,volunteer,"Volunteering to remove the nearby obstacle (at position (12, 24)) could significantly benefit the evacuation process, as it is blocking the way for 7 evacuees and there are only 20 obstacles nearby. Since the agent is already close to the exit (7 units away) and there is already one volunteer, providing assistance can expedite the overall evacuation, especially given the estimated evacuation impact of 0.70."
1,-1246382,volunteer,"The agent should volunteer to remove the obstacle at (7, 17) because it is close enough to the exit (9 units away) and the estimated evacuation impact is high (0.72). Additionally, there are 10 evacuees near this obstacle, indicating that removing it could significantly aid in their escape."
2,-1246340,volunteer,"assigned volunteer cleared obstacle"
3,-1246368,volunteer,"assigned volunteer cleared obstacle"
10,-1246340,volunteer,"The agent is in a position to help clear an obstacle that is directly in the path of multiple evacuees, as there are 5 evacuees near the target obstacle. Volunteering to remove the obstacle could significantly impact the evacuation process positively, given the estimated evacuation impact of 0.68. With a distance of only 1 to the exit, the agent is also in a position to reach safety quickly after helping, making it a favorable decision to act selflessly."
10,-1246382,volunteer,"The agent should volunteer to remove the target obstacle at (7, 16) as it has an estimated evacuation impact of 0.66 and there are 6 evacuees near it. By assisting in the removal of the obstacle, the agent can help facilitate the evacuation process for themselves and others, given that the distance to the exit is only 9 units. This collaborative effort may improve overall evacuation efficiency."
10,-1246396,volunteer,"The agent is positioned close to the exit and can significantly impact evacuation by removing the nearby obstacle. Despite being an evacuee, volunteering to remove the obstacle is likely to benefit a larger number of evacuees, as it will facilitate their exit. The estimated evacuation impact of 0.69 indicates a strong potential for improving the overall evacuation process."
11,-1246382,volunteer,"assigned volunteer cleared obstacle"
12,-1246340,volunteer,"assigned volunteer cleared obstacle"
13,-1246396,volunteer,"assigned volunteer cleared obstacle"
20,-1246550,volunteer,"The agent should volunteer to remove the obstacle at (17, 3). With 7 evacuees near the target obstacle and a high estimated evacuation impact of 0.71, removing this obstacle would significantly aid in the evacuation process. The agent is close to the exit, and volunteering could facilitate a quicker escape for many nearby evacuees, which aligns with the role of being an evacuee who can assist others."
20,-1246620,volunteer,"The agent is in a position to help clear an obstacle that is blocking the exit for multiple evacuees. By volunteering to remove the target obstacle, the agent contributes to a significant improvement in evacuation efficiency, given the estimated evacuation impact of 0.73, and the presence of 6 evacuees nearby who would benefit from the removal."
20,-1246648,volunteer,"The agent is positioned relatively close to the target obstacle and there are multiple evacuees nearby. Volunteering to remove the obstacle could significantly improve the evacuation process, as it is estimated to have a 0.72 impact on evacuation efficiency. Additionally, the agent is already in a group of nearby agents, which may provide support during the removal."
21,-1246550,volunteer,"assigned volunteer cleared obstacle"
21,-1246620,volunteer,"assigned volunteer cleared obstacle"
21,-1246648,volunteer,"assigned volunteer cleared obstacle"
30,-1246690,volunteer,"The agent is in proximity to a target obstacle and there are evacuees nearby who may need assistance. Volunteering to remove the obstacle can significantly impact the evacuation process, as it has an estimated evacuation impact of 0.65. Since there are currently no volunteers, this action could facilitate a quicker exit for all evacuees, including the agent."
30,-1246844,volunteer,"The agent should volunteer to remove the obstacle at (13, 3) because it is relatively close to the exit (3 units away) and there is only one evacuee near it. By volunteering, the agent can significantly improve the evacuation process, as the estimated evacuation impact is 0.63, indicating a positive contribution to the overall evacuation effort."
30,-1246844,volunteer,"assigned volunteer cleared obstacle"
1,-1247186,volunteer,"The agent should volunteer to remove the obstacle at (22, 13) because it is a targeted obstacle that is blocking the path to the exit. With 7 evacuees near this obstacle, removing it could significantly improve the evacuation process. The estimated evacuation impact of 0.69 indicates that doing so will have a positive effect on the overall evacuation efforts."
1,-1247200,volunteer,"The agent should volunteer to remove the obstacle at (12, 22) because it is blocking the path to the exit for 4 nearby evacuees and has a significant estimated evacuation impact of 0.63. By assisting in removing this obstacle, the agent can help facilitate a quicker evacuation for others, which is crucial given their proximity to the exit."
1,-1247214,volunteer,"The estimated evacuation impact of 0.55 suggests that removing the obstacle can significantly help with the evacuation process. As there is only one other evacuee near the target obstacle, the agent's contribution could facilitate a quicker exit for both, especially given the proximity to the exit."
1,-1247186,volunteer,"assigned volunteer cleared obstacle"
2,-1247200,volunteer,"assigned volunteer cleared obstacle"
2,-1247214,volunteer,"assigned volunteer cleared obstacle"
10,-1247200,volunteer,"The agent is in close proximity to a target obstacle affecting 9 nearby evacuees and has a significant estimated evacuation impact of 0.76. Volunteering to remove the obstacle will facilitate the evacuation process for multiple individuals, contributing positively to the overall safety and efficiency of the evacuation."
10,-1247214,selfish,"The agent is positioned relatively close to the exit and only has 5 units of distance left to evacuate. With 17 nearby obstacles and the target obstacle being 7 units away, the agent's evacuation is not significantly impacted by this specific obstacle. Additionally, there is only one other volunteer, indicating limited support for removing obstacles. Therefore, prioritizing personal evacuation over volunteering to remove the obstacle is the more rational choice."
10,-1247256,volunteer,"The agent is in a position to help remove a nearby obstacle that is affecting the evacuation process. With a significant number of nearby obstacles and evacuees near the target obstacle, volunteering could improve the overall evacuation efficiency. The estimated evacuation impact of 0.56 suggests that removing this obstacle has a meaningful potential benefit for the group."
10,-1247200,volunteer,"assigned volunteer cleared obstacle"
13,-1247256,volunteer,"assigned volunteer cleared obstacle"
20,-1247200,volunteer,"The agent is in a position to help remove a nearby obstacle that is blocking the exit for multiple evacuees. With a significant number of evacuees (8) near the target obstacle and a high estimated evacuation impact (0.72), volunteering to remove the obstacle will facilitate a quicker evacuation for the group, outweighing the benefits of remaining selfish."
20,-1247256,volunteer,"The agent should volunteer to remove the obstacle at (24, 24) because it is the only nearby obstacle affecting the evacuation route. Removing it can potentially improve the evacuation process for both themselves and the nearby evacuee, given the estimated evacuation impact of 0.52. This action could facilitate a quicker escape for all involved."
20,-1247298,volunteer,"The agent should volunteer to remove the nearby obstacle as it stands to significantly impact the evacuation process positively. With an estimated evacuation impact of 0.70 and a target obstacle that is affecting 7 evacuees, removing it will facilitate the exit for more individuals. Additionally, the agent is only 6 units away from the exit, indicating that their assistance could lead to a quicker evacuation overall."
20,-1247298,volunteer,"assigned volunteer cleared obstacle"
23,-1247256,volunteer,"assigned volunteer cleared obstacle"
30,-1247396,volunteer,"The agent is an evacuee who is 6 units away from the exit and has a nearby obstacle that is impeding the evacuation process. With an estimated evacuation impact of 0.58, volunteering to remove the obstacle could significantly aid in the evacuation of both the agent and the nearby evacuee. Since there are currently no other volunteers, the agent's assistance could be crucial in improving the situation."
30,-1247606,volunteer,"The agent is positioned close to the exit and near a target obstacle that affects multiple evacuees. By volunteering to remove the obstacle, the agent can significantly aid the evacuation process, as the estimated evacuation impact is 0.69, indicating that this action will help a considerable number of individuals. Given the proximity to the exit, this decision also aligns with improving overall safety and efficiency in the evacuation."
30,-1247760,selfish,"The agent is an evacuee positioned 4 units from the exit and has an estimated evacuation impact of 0.62. Volunteering to remove the target obstacle at (4, 17) would not significantly improve the overall evacuation situation, especially since there are already 2 volunteers and multiple nearby obstacles. The agent is closer to the exit and should prioritize their own evacuation."
31,-1247606,volunteer,"assigned volunteer cleared obstacle"
33,-1247396,volunteer,"assigned volunteer cleared obstacle"
1,-1248032,volunteer,"The agent is in a position to help remove an obstacle that is relatively close to the exit and has a significant number of evacuees nearby. The estimated evacuation impact of 0.72 suggests that by volunteering, the agent can significantly improve the chances of evacuation for themselves and others."
1,-1248060,volunteer,"By volunteering to remove the target obstacle at (14, 9), the agent can help improve the evacuation process for the nearby evacuees. The estimated evacuation impact of 0.65 indicates a significant benefit, and with 6 evacuees near the target obstacle, this action can aid multiple individuals in reaching safety. Additionally, with only one current volunteer, the agent's contribution can make a meaningful difference."
1,-1248074,volunteer,"The agent is in a position to assist in removing a nearby obstacle that is affecting the evacuation process. With an estimated evacuation impact of 0.62 and being close to the exit, volunteering can help improve the overall evacuation efficiency for everyone involved."
1,-1248060,volunteer,"assigned volunteer cleared obstacle"
3,-1248074,volunteer,"assigned volunteer cleared obstacle"
5,-1248032,volunteer,"assigned volunteer cleared obstacle"
10,-1248032,volunteer,"The agent is positioned close to the exit and has a significant number of evacuees nearby who could benefit from removing the target obstacle. With an estimated evacuation impact of 0.80, volunteering to remove the obstacle can facilitate a faster evacuation for multiple people, which aligns with the role of an evacuee helping others in the situation."
10,-1248046,selfish,"Given that the agent is an evacuee with a distance of 9 to the exit and only one nearby volunteer, the immediate priority should be to reach the exit rather than remove an obstacle. The estimated evacuation impact of 0.58 indicates that removing the obstacle may not significantly improve the situation for others, especially with 17 nearby obstacles present. Hence, it is more beneficial for the agent to focus on their own evacuation."
10,-1248060,volunteer,"The agent is positioned close to an exit and is in a scenario where their volunteering to remove the nearby obstacle (at (12, 2)) can significantly benefit other evacuees. With an estimated evacuation impact of 0.68 and 4 evacuees near the target obstacle, volunteering would facilitate faster evacuation for multiple individuals, outweighing the agent's immediate selfish interests."
10,-1248032,volunteer,"assigned volunteer cleared obstacle"
10,-1248060,volunteer,"assigned volunteer cleared obstacle"
20,-1248046,volunteer,"The agent is positioned very close to the exit and there are multiple nearby obstacles that could hinder evacuation. By volunteering to remove the target obstacle at (10, 27), the agent can contribute to a more efficient evacuation process. Since the estimated evacuation impact is 0.65, this indicates a significant benefit from removing the obstacle, benefiting both the agent and others in the evacuation."
20,-1248074,volunteer,"The agent is positioned 2 units from the exit and has the potential to impact the evacuation of nearby evacuees positively by removing the obstacle. With an estimated evacuation impact of 0.67 and several evacuees near the target obstacle, volunteering to help remove it can significantly aid the evacuation process for others, aligning with the role of an evacuee who can help improve overall safety and efficiency."
20,-1248088,selfish,"The agent is an evacuee with a relatively short distance to the exit (7) and is already near a significant number of obstacles (15) and evacuees (9). Volunteering to remove the target obstacle (12, 24) may not yield a significant impact on the overall evacuation process given the estimated evacuation impact of 0.74. Additionally, with 2 current volunteers, the agent's contribution may not be crucial for overcoming the obstacle. Hence, prioritizing personal evacuation is more beneficial in this scenario."
21,-1248046,volunteer,"assigned volunteer cleared obstacle"
23,-1248074,volunteer,"assigned volunteer cleared obstacle"
30,-1248088,volunteer,"The agent is in close proximity to a target obstacle that is blocking the exit and there are multiple nearby evacuees. Volunteering to remove this obstacle will have a significant positive impact on the evacuation process, as it could help clear the path for themselves and others, improving the overall evacuation efficiency."
30,-1248214,volunteer,"The agent should volunteer to remove the obstacle because it is in proximity to the nearby evacuee and the estimated evacuation impact of removing the obstacle is significant (0.60). Since the agent's distance to exit is only 3, it suggests that the agent can afford to help without delaying their own evacuation significantly. Additionally, removing the obstacle will assist in expediting the evacuation process for others."
30,-1248242,volunteer,"The agent is positioned close to the target obstacle, which is also near an exit. By volunteering to remove the obstacle, the agent can significantly help the nearby evacuess reach safety. The estimated evacuation impact of 0.65 indicates that this action can greatly benefit the overall evacuation process."
30,-1248088,volunteer,"assigned volunteer cleared obstacle"
32,-1248214,volunteer,"assigned volunteer cleared obstacle"
40,-1248298,volunteer,"The agent is positioned very close to the exit (distance of 1) and can significantly impact the evacuation process by removing the nearby obstacle. With an estimated evacuation impact of 0.65 and only one other evacuee near the target obstacle, volunteering to remove it would help expedite the evacuation for both agents. The lack of current volunteers makes this action even more crucial."
40,-1248424,volunteer,"The agent is close to an obstacle and there is an evacuee near the target obstacle, which suggests that removing it could help facilitate evacuation for themselves and the nearby evacuee. The estimated evacuation impact of 0.60 indicates that the action could significantly improve the situation, thus volunteering to remove the obstacle is beneficial."
40,-1248298,volunteer,"assigned volunteer cleared obstacle"
40,-1248424,volunteer,"assigned volunteer cleared obstacle"
1,-1248878,selfish,"The agent is an evacuee and is 11 units away from the exit. With 20 nearby obstacles and 11 evacuees near the target obstacle, the agent's immediate priority should be to reach safety rather than volunteering to remove an obstacle that may not significantly impact overall evacuation, especially since there are currently no volunteers. The estimated evacuation impact of 0.70 suggests that removing the obstacle may not be worth the risk for the agent's own safety."
1,-1248892,volunteer,"The agent should volunteer to remove the nearby obstacle because there are 11 evacuees near the target obstacle, and removing it would significantly help them reach the exit. The estimated evacuation impact of 0.74 indicates a strong benefit in facilitating the evacuation process for others."
1,-1248906,volunteer,"By volunteering to remove the obstacle at (6, 16), the agent can help improve the evacuation process for nearby evacuees, as there are 5 evacuees near the target obstacle. The estimated evacuation impact of 0.66 suggests that this action would significantly facilitate the escape route for others, which aligns with a collective safety approach."
2,-1248906,volunteer,"assigned volunteer cleared obstacle"
4,-1248892,volunteer,"assigned volunteer cleared obstacle"
10,-1248906,volunteer,"The agent should volunteer to remove the nearby obstacle at (2, 15) because there are evacuees near that obstacle, and removing it will significantly improve the evacuation impact (0.68). Additionally, the agent is only 5 units away from the exit, so volunteering will not significantly delay their own evacuation."
10,-1248920,selfish,"Given the high number of nearby obstacles and evacuees, the agent's distance to the exit is already low at 6. With 11 evacuees near the target obstacle, volunteering to remove it may not significantly impact the evacuation process. The estimated evacuation impact of 0.78 suggests that the agent's safety and ability to evacuate efficiently is a priority over volunteering in this scenario."
10,-1248934,selfish,"The agent is positioned only 4 units away from the exit and has a high estimated evacuation impact of 0.70. Since there are already 1 current volunteer and 8 evacuees near the target obstacle, the agent's immediate priority should be to reach the exit rather than volunteering to remove an obstacle that is 8 units away."
10,-1248906,volunteer,"assigned volunteer cleared obstacle"
20,-1248892,volunteer,"The agent is positioned close to an obstacle that is affecting the evacuation of a significant number of nearby evacuees (11). By volunteering to remove the obstacle, the agent can have a positive impact on the evacuation process, especially since the estimated evacuation impact is high (0.78) and there are currently no other volunteers. This action would not only help others but also facilitate the agent's own exit, as it is only 5 units away from the exit."
20,-1248920,selfish,"Given that the agent is an evacuee with a distance of only 4 to the exit and there are already 1 volunteer, it would be more beneficial for the agent to focus on reaching the exit rather than volunteering to remove an obstacle, especially since the nearby obstacles are numerous and there are 7 evacuees near the target obstacle. The estimated evacuation impact of 0.74 suggests that the situation is critical, and contributing may not significantly improve the overall evacuation outcome for the agent."
20,-1248990,volunteer,"The agent should volunteer to remove the obstacle since there are nearby obstacles that could impede the evacuation process. With 4 evacuees near the target obstacle and a significant estimated evacuation impact of 0.65, volunteering could facilitate a quicker exit for multiple individuals, thus benefiting the overall evacuation effort."
22,-1248892,volunteer,"assigned volunteer cleared obstacle"
23,-1248990,volunteer,"assigned volunteer cleared obstacle"
30,-1248892,volunteer,"The agent is positioned close to the exit and the target obstacle, with a distance of only 2 to the exit. Since there are 4 evacuees near the target obstacle and the estimated evacuation impact is relatively high (0.69), volunteering to remove the obstacle could significantly help the group evacuate faster. This action supports the collective effort and enhances the chances of successful evacuation for all involved."
30,-1248948,volunteer,"The agent should volunteer to remove the obstacle at (10, 5) because it is the target obstacle with an estimated evacuation impact of 0.58, which indicates that clearing it could significantly aid in the evacuation process. Additionally, the agent is only 4 units away from the exit, and with only 1 other volunteer currently, the effort to remove the obstacle could lead to a quicker evacuation for both the agent and nearby evacuees."
30,-1249214,volunteer,"The agent is in a position to help remove a nearby obstacle that is blocking the exit path. With a distance of only 2 units to the exit and considering the estimated evacuation impact of 0.68, volunteering to assist could significantly aid in the evacuation process for themselves and others. Additionally, there are already 2 current volunteers, indicating a collaborative effort which can enhance the chances of successful evacuation."
30,-1248892,volunteer,"assigned volunteer cleared obstacle"
32,-1248948,volunteer,"assigned volunteer cleared obstacle"
1,-1249724,selfish,"The agent is an evacuee with a considerable distance to the exit and a high number of nearby obstacles. With 7 evacuees near the target obstacle and no current volunteers, removing the obstacle may not significantly improve the overall evacuation impact given the agent's own distance from the exit. Therefore, prioritizing personal evacuation over helping to remove the obstacle is the more strategic choice."
1,-1249738,volunteer,"The agent should volunteer to remove the target obstacle at (15, 19) because it is blocking the path for 8 evacuees. The estimated evacuation impact of 0.68 indicates that removing this obstacle would significantly aid in the overall evacuation process. Although the agent is currently an evacuee with a distance of 13 to the exit, contributing to the removal of obstacles can facilitate a quicker exit for many others, which aligns with the goal of maximizing the evacuation efficiency."
1,-1249752,volunteer,"The agent should volunteer to remove the obstacle because there are a significant number of evacuees (7) near the target obstacle, which could impede their evacuation. By volunteering, the agent can help improve evacuation efficiency, as the estimated evacuation impact is 0.66, indicating a positive effect on the overall evacuation process."
2,-1249738,volunteer,"assigned volunteer cleared obstacle"
10,-1249738,volunteer,"The agent should volunteer to remove the obstacle at (14, 21) because there are 7 evacuees nearby who would benefit from the obstacle being removed. The estimated evacuation impact of 0.68 suggests that the agent's action could significantly aid in the evacuation process. Additionally, with a distance to exit of 9 and the target obstacle only 8 units away from the exit, removing it would facilitate a quicker escape for multiple evacuees."
10,-1249752,volunteer,"The agent should volunteer to remove the obstacle because there are 6 evacuees near the target obstacle and the estimated evacuation impact is 0.68, indicating that removing the obstacle could significantly assist in the evacuation process. Additionally, the agent is only 6 units away from the exit, suggesting that their involvement could facilitate a quicker exit for themselves and others."
10,-1249766,selfish,"Given that the agent is an evacuee and is only 5 units away from the exit, it is more beneficial for the agent to focus on reaching the exit rather than volunteering to remove an obstacle that is further away and surrounded by other evacuees. Additionally, with 2 current volunteers already working and a high number of nearby obstacles (19), the agent's effort may not significantly impact the evacuation process."
10,-1249738,volunteer,"assigned volunteer cleared obstacle"
10,-1249752,volunteer,"assigned volunteer cleared obstacle"
20,-1249724,volunteer,"The agent is positioned relatively close to the exit (8 units away) and has a target obstacle (28, 10) that is only 4 units away from the exit. By volunteering to remove the obstacle, the agent can potentially facilitate the evacuation of themselves and the nearby evacuees (4 in total) who are also near the target obstacle, contributing positively to the overall evacuation impact."
20,-1249738,volunteer,"The agent should volunteer to remove the obstacle because it is located just 5 units from the exit, and there are 10 evacuees near the target obstacle. By removing this obstacle, the agent can significantly improve the evacuation process, increasing the overall effectiveness of the escape and aiding fellow evacuees."
20,-1249752,volunteer,"The agent is positioned close to the exit and has the opportunity to remove a nearby obstacle that is affecting multiple evacuees. With 8 evacuees near the target obstacle and a high estimated evacuation impact of 0.76, volunteering to remove the obstacle will significantly aid in the collective evacuation effort, making it a beneficial decision for both the agent and others."
20,-1249752,volunteer,"assigned volunteer cleared obstacle"
22,-1249724,volunteer,"assigned volunteer cleared obstacle"
22,-1249738,volunteer,"assigned volunteer cleared obstacle"
30,-1249990,volunteer,"The agent is positioned close to the exit and has a manageable distance to cover. By volunteering to remove the nearby obstacle, the agent can help clear a path for themselves and the nearby evacuee, potentially improving the overall evacuation process. The estimated evacuation impact of 0.62 indicates that their action could significantly benefit the situation."
30,-1250060,volunteer,"The agent is positioned close to the exit (3 units away) and there are nearby obstacles that could hinder evacuation. By volunteering to remove the target obstacle at (25, 18), the agent can significantly help the two other evacuees nearby, improving the overall evacuation impact (0.61). The presence of only one current volunteer means additional help is needed, making it beneficial for the agent to assist."
30,-1250186,volunteer,"The agent should volunteer to remove the target obstacle because it is in close proximity to multiple evacuees and there are only a few current volunteers relative to the number of obstacles. By removing the obstacle, the agent can significantly contribute to improving evacuation conditions for themselves and others, especially since the estimated evacuation impact is considerable (0.61)."
31,-1249990,volunteer,"assigned volunteer cleared obstacle"
32,-1250060,volunteer,"assigned volunteer cleared obstacle"
32,-1250186,volunteer,"assigned volunteer cleared obstacle"
40,-1250186,volunteer,"The agent is close to the exit and has the ability to remove an obstacle that is hindering evacuation. Since there are evacuees near the target obstacle and the estimated evacuation impact is significant at 0.59, volunteering to remove the obstacle would aid in the evacuation process and benefit others."
43,-1250186,volunteer,"assigned volunteer cleared obstacle"
1,-1250570,volunteer,"By volunteering to remove the target obstacle at (23, 18), the agent can help clear the path for nearby evacuees, enhancing the overall evacuation effort. With a significant number of evacuees (6) near the target obstacle and an estimated evacuation impact of 0.65, this action could facilitate a quicker exit for multiple individuals, aligning with the agent's role as an evacuee who may benefit from a clearer route."
1,-1250598,volunteer,"The agent is in close proximity to a target obstacle that is affecting the evacuation of 7 nearby evacuees. Although there are many obstacles, the estimated evacuation impact of 0.68 suggests that removing this particular obstacle could significantly aid the overall evacuation effort, especially since the agent is only 6 units away from the exit."
1,-1250612,volunteer,"The agent should volunteer to remove the obstacle because there are multiple evacuees near the target obstacle (4 evacuees), and removing it will significantly impact the evacuation process (estimated evacuation impact of 0.65). By volunteering, the agent can help clear a path to the exit, which is only 6 units away from the obstacle, thereby facilitating a quicker evacuation for themselves and others."
1,-1250570,volunteer,"assigned volunteer cleared obstacle"
1,-1250598,volunteer,"assigned volunteer cleared obstacle"
2,-1250612,volunteer,"assigned volunteer cleared obstacle"
10,-1250570,volunteer,"The agent should volunteer to remove the target obstacle at (28, 17) because it is close to the exit (3 units away) and there are 6 evacuees nearby who could benefit from the obstacle removal. Additionally, the estimated evacuation impact of 0.72 indicates a significant positive effect on the overall evacuation process. Since there are currently no volunteers and the agent has the opportunity to help others while also facilitating their own escape, volunteering is the best option."
10,-1250626,selfish,"The agent is an evacuee with only 3 units of distance to the exit and is surrounded by 5 nearby evacuees. Although there are obstacles nearby, the distance to the target obstacle is significant (8 units), which indicates a lower priority for removal. The agent's immediate focus should be on reaching the exit rather than volunteering to remove an obstacle that could delay their evacuation."
10,-1250766,selfish,"The agent is an evacuee with a significant distance to the exit (8 units) and currently only one volunteer is available. The nearby obstacles (17 in total) and the target obstacle (5, 1) do not provide a strong incentive to volunteer, especially since the estimated evacuation impact is moderate (0.57). Given these factors, it is more beneficial for the agent to prioritize their own evacuation rather than risking their safety and time by volunteering."
12,-1250570,volunteer,"assigned volunteer cleared obstacle"
20,-1250976,volunteer,"The agent is positioned relatively close to the exit (7 units away) and there is a nearby obstacle (at (17, 13)) that can be removed to aid in evacuation. Given that there is only one evacuee near the target obstacle and no current volunteers, volunteering to remove the obstacle could significantly improve the evacuation process for themselves and others. The estimated evacuation impact of 0.54 indicates that this action could have a positive effect on the overall evacuation effort."
20,-1251088,volunteer,"The agent is very close to the exit (1 unit away) and volunteering to remove the nearby obstacle (at (27, 19)) could significantly impact the evacuation process positively, as it affects 4 evacuees who are in close proximity to that obstacle. With an estimated evacuation impact of 0.65 and only 1 current volunteer, the agent's assistance could greatly facilitate a quicker exit for others, enhancing overall safety and cooperation."
20,-1251102,volunteer,"The agent is in a position to contribute to the evacuation effort by removing a nearby obstacle that is affecting multiple evacuees. With a distance of 3 to the exit, the agent can assist others and potentially improve the overall evacuation speed, especially since there are already 2 volunteers and the estimated evacuation impact is significant."
23,-1250976,volunteer,"assigned volunteer cleared obstacle"
23,-1251088,volunteer,"assigned volunteer cleared obstacle"
30,-1251158,volunteer,"The agent is close to the exit and there is a nearby obstacle affecting evacuation. Volunteering to remove the obstacle can significantly improve the evacuation process for themselves and others, given the estimated evacuation impact of 0.58."
33,-1251158,volunteer,"assigned volunteer cleared obstacle"
1,-1251416,volunteer,"The agent is in a position to help remove a nearby obstacle that is blocking the path for multiple evacuees. By volunteering, the agent can significantly improve the overall evacuation process, as indicated by the high estimated evacuation impact of 0.73. Additionally, the agent is only 7 units away from the exit, which suggests that their participation could facilitate a quicker evacuation for themselves and others."
1,-1251444,selfish,"Given that there are 20 nearby obstacles and only 1 current volunteer, the agent should prioritize its own evacuation as it is already 12 units away from the exit. The estimated evacuation impact of 0.65 indicates a significant number of evacuees are close to the target obstacle, but with 5 evacuees near that obstacle, the agent's contribution may not significantly change the overall evacuation timeline. Therefore, remaining selfish to ensure personal safety is the better choice."
1,-1251458,volunteer,"The estimated evacuation impact is significant (0.71), indicating that removing the obstacle could greatly aid the evacuation efforts for the nearby evacuees. Additionally, there are 10 evacuees near the target obstacle, and by volunteering to remove it, the agent can improve the chances of a smoother evacuation for many others, which aligns with the spirit of cooperation during emergencies."
2,-1251416,volunteer,"assigned volunteer cleared obstacle"
10,-1251430,volunteer,"The agent is in a position to help remove a nearby obstacle that is affecting the evacuation of others. With 6 evacuees near the target obstacle and an estimated evacuation impact of 0.64, volunteering to remove the obstacle could significantly facilitate the evacuation process, benefiting both the agent and others."
10,-1251444,volunteer,"The agent should volunteer to remove the obstacle at (12, 20) because doing so will significantly enhance the evacuation process. The estimated evacuation impact of 0.62 indicates a considerable benefit, and with 5 evacuees near the target obstacle, clearing it can facilitate their escape. The agent is already positioned relatively close to the obstacle and the exit, making it feasible to assist in the evacuation efforts."
10,-1251486,volunteer,"The agent is in a position to help remove an obstacle that is blocking the exit for others. With a high estimated evacuation impact of 0.80, volunteering can significantly aid in the evacuation process, especially given the presence of 11 evacuees near the target obstacle. Additionally, the agent is only 1 unit away from the exit, allowing for a quick return to safety after assisting."
10,-1251486,volunteer,"assigned volunteer cleared obstacle"
11,-1251430,volunteer,"assigned volunteer cleared obstacle"
20,-1251430,volunteer,"The agent is positioned 5 units away from the exit and has a reasonable estimated evacuation impact of 0.60. By removing the nearby target obstacle at (10, 24), the agent can help clear a path for themselves and the 2 evacuees near the obstacle, potentially improving the overall evacuation process. Since there are currently no volunteers and the agent is an evacuee, volunteering to assist with the obstacle removal could lead to a net positive outcome for everyone involved."
20,-1251444,volunteer,"The agent is in proximity to a nearby obstacle and there is an estimated evacuation impact of 0.56, which suggests that removing the obstacle could significantly aid evacuation efforts. Additionally, as an evacuee, contributing to the removal of obstacles aligns with the collective goal of ensuring safety and facilitating the exit for all agents."
20,-1251500,selfish,"The agent is an evacuee and is only 3 units away from the exit. Given the presence of many nearby obstacles and evacuees, the decision to focus on personal evacuation rather than volunteering to remove an obstacle is more beneficial for personal safety. Additionally, with 2 current volunteers already, the impact of the agent volunteering is diminished."
21,-1251430,volunteer,"assigned volunteer cleared obstacle"
23,-1251444,volunteer,"assigned volunteer cleared obstacle"
30,-1251430,volunteer,"The agent is positioned very close to the exit and has the opportunity to help remove the nearby obstacle. By volunteering, the agent can improve the evacuation process for themselves and the nearby evacuee. The estimated evacuation impact of 0.66 suggests that removing the obstacle will significantly benefit the evacuation effort."
30,-1251444,volunteer,"The agent should volunteer to remove the nearby obstacle at (3, 9) because there are 3 evacuees near it, and removing this obstacle could significantly impact evacuation efforts. With a distance of 4 to the exit, the agent is close enough to contribute meaningfully to the evacuation process. The estimated evacuation impact of 0.62 suggests that the agent's action can help improve the overall situation for the evacuees."
30,-1251472,volunteer,"The agent is positioned close to the exit and has a reasonable chance of contributing to the evacuation by removing the nearby obstacle at (3, 9). With two nearby agents and a significant estimated evacuation impact of 0.61, volunteering could significantly improve the evacuation process for themselves and other evacuees in the vicinity."
30,-1251430,volunteer,"assigned volunteer cleared obstacle"
33,-1251444,volunteer,"assigned volunteer cleared obstacle"
40,-1252172,selfish,"The agent is an evacuee and is only 5 units away from the exit. With 1 nearby evacuee already near the target obstacle and the evacuation impact being only 0.60, it is more beneficial for the agent to prioritize their own evacuation rather than volunteering to remove an obstacle."
1,-1252262,volunteer,"The agent is in a position to help remove a nearby obstacle that is affecting the evacuation of 13 other evacuees. Given that the estimated evacuation impact is 0.75, volunteering to remove the obstacle could significantly improve the situation for multiple evacuees while the agent is only 7 units away from the exit."
1,-1252276,volunteer,"The agent is in a position to help remove a nearby obstacle that directly affects the evacuation process. With a high number of evacuees nearby the target obstacle (9), volunteering to remove it could significantly improve the evacuation flow, as indicated by the estimated evacuation impact of 0.69. Additionally, the agent is only 11 units from the exit, making it feasible to assist without jeopardizing their own evacuation."
1,-1252290,selfish,"Considering the high number of nearby obstacles and evacuees near the target obstacle, as well as the agent's position and distance to exit, the agent should prioritize their own evacuation. The estimated evacuation impact of 0.68 is significant, but with only 2 current volunteers and 7 evacuees near the target obstacle, it is more beneficial for the agent to focus on reaching the exit rather than volunteering to remove the obstacle."
1,-1252276,volunteer,"assigned volunteer cleared obstacle"
5,-1252262,volunteer,"assigned volunteer cleared obstacle"
10,-1252276,selfish,"The agent is an evacuee and has a distance of 6 to the exit. Volunteering to remove the target obstacle (24, 17) would increase the distance to exit to 7, which is counterproductive given that there are already 6 nearby agents and 7 evacuees near the target obstacle. The estimated evacuation impact of 0.69 does not justify the potential delay in personal evacuation."
10,-1252304,volunteer,"The agent is in a position to help clear an obstacle that is affecting multiple evacuees nearby. By volunteering to remove the obstacle, the agent can significantly improve the evacuation process, given the high estimated evacuation impact of 0.71 and the number of evacuees affected (9). This aligns with the goal of ensuring a safe and efficient evacuation for all."
10,-1252318,volunteer,"The agent should volunteer to remove the obstacle at (15, 9) because although there are many nearby obstacles (18), helping to clear this specific obstacle will benefit the 5 nearby evacuees and has a significant estimated evacuation impact of 0.64. Since the agent is already close to the exit (7 units away) and there is only 1 current volunteer, their contribution could facilitate a faster evacuation for those in need."
11,-1252318,volunteer,"assigned volunteer cleared obstacle"
13,-1252304,volunteer,"assigned volunteer cleared obstacle"
20,-1252346,volunteer,"The agent is in a position to help remove an obstacle that is blocking the exit. With 4 nearby evacuees and a significant estimated evacuation impact of 0.62, volunteering could expedite the evacuation process for all. Additionally, the agent is relatively close to the exit (7 units away) and removing the obstacle may directly help themselves and others reach safety."
20,-1252402,volunteer,"The agent is in a position to assist by removing the target obstacle, which has a significant impact on the evacuation process. With 3 evacuees near the target obstacle and a high estimated evacuation impact of 0.60, volunteering to clear the obstacle will facilitate the exit for multiple individuals, making it a selfless and beneficial choice."
20,-1252416,volunteer,"The agent is in close proximity to an obstacle that is affecting the evacuation of nearby evacuees. With a distance of 3 to the exit and 4 evacuees near the target obstacle, volunteering to remove the obstacle can significantly improve the evacuation process, given the estimated impact of 0.67. Since there are already 2 current volunteers, the agent's assistance would further enhance the chances of a quicker and safer evacuation."
20,-1252402,volunteer,"assigned volunteer cleared obstacle"
23,-1252416,volunteer,"assigned volunteer cleared obstacle"
30,-1252346,volunteer,"The agent is in close proximity to a target obstacle that has evacuees nearby. By volunteering to remove the obstacle, the agent can significantly improve the evacuation process, as it has a notable estimated evacuation impact of 0.65. This not only benefits the nearby evacuees but also accelerates the overall evacuation efforts, making it a selfless act that aligns with the agent's role."
30,-1252402,volunteer,"The agent is in a position to help clear an obstacle that is affecting the evacuation of nearby evacuees. With a significant estimated evacuation impact of 0.64 and considering that there are 3 evacuees near the target obstacle, volunteering to remove it could greatly facilitate a quicker exit for everyone involved, despite only 1 current volunteer. The agent's proximity to the exit (4 units away) also allows for a timely response."
30,-1252542,selfish,"The agent should remain selfish as the target obstacle is too far from the exit (7 units), and there are already enough volunteers (2) for the evacuation. The estimated evacuation impact (0.62) is moderate, but with 3 evacuees near the target obstacle, it is better for the agent to prioritize their own evacuation since they are only 4 units away from the exit."
32,-1252346,volunteer,"assigned volunteer cleared obstacle"
40,-1252668,volunteer,"The agent is in close proximity to the exit (2 units away) and can help remove the nearby obstacle at (3, 9). With an estimated evacuation impact of 0.59, volunteering could significantly assist in clearing the path for others, especially since there is only one evacuee near the target obstacle. This action supports the overall evacuation effort, making it a beneficial choice."
40,-1253032,volunteer,"The agent is in a position to help remove a nearby obstacle that is blocking the exit path. With a distance to exit of 5 and the target obstacle being at (24, 17), it is crucial to act collaboratively to improve the evacuation process. There are evacuees nearby who would benefit from the agent's assistance, and the estimated evacuation impact of 0.61 suggests that this action could significantly aid the overall evacuation effort."
40,-1253074,selfish,"The agent is an evacuee with a distance of only 4 to the exit. With 2 current volunteers already working to remove obstacles and only 1 evacuee near the target obstacle, the agent can prioritize exiting safely and quickly rather than volunteering to help with the obstacle removal, which has a lower estimated evacuation impact."
41,-1253032,volunteer,"assigned volunteer cleared obstacle"
43,-1252668,volunteer,"assigned volunteer cleared obstacle"
50,-1252668,volunteer,"The agent is in a position to help remove a nearby obstacle that is blocking the path to the exit. Although the agent is an evacuee, the estimated evacuation impact of 0.58 suggests that removing this obstacle could significantly aid the evacuation process. The agent is also only 3 units away from the exit, making it feasible to assist while still being close to safety."
50,-1253032,volunteer,"The agent is positioned close to the exit and there is a nearby obstacle that can be removed. With a high estimated evacuation impact of 0.59 and only one other evacuee near the target obstacle, volunteering to remove the obstacle will significantly aid in the evacuation process, allowing both the agent and nearby evacuee to exit more efficiently."
53,-1252668,volunteer,"assigned volunteer cleared obstacle"
53,-1253032,volunteer,"assigned volunteer cleared obstacle"
1,-1253108,volunteer,"The agent should volunteer to remove the nearby obstacle because there are 9 evacuees near the target obstacle and currently no volunteers. By removing the obstacle, the agent can significantly impact the evacuation process positively, especially since the estimated evacuation impact is 0.68, indicating a strong potential benefit for the evacuees."
1,-1253122,selfish,"The agent is an evacuee with a distance of 9 to the exit, which is relatively close. In addition, the target obstacle is farther from the exit (13 units away), and there are already 1 volunteer and 7 evacuees near that obstacle. Since the estimated evacuation impact is moderate (0.63), it may be more beneficial for the agent to prioritize their own evacuation rather than volunteering to remove the obstacle."
1,-1253136,selfish,"Given the agent's role as an evacuee and the presence of nearby obstacles, it is more beneficial for the agent to prioritize their own evacuation over volunteering to remove an obstacle. The agent is already 7 units away from the exit and is at risk of delaying their own evacuation by engaging in the removal of the target obstacle, which has limited impact on the overall evacuation due to the estimated evacuation impact being only 0.63."
1,-1253108,volunteer,"assigned volunteer cleared obstacle"
10,-1253108,volunteer,"The agent should volunteer to remove the obstacle because there are 7 evacuees near the target obstacle, and removing it could significantly improve the evacuation process for those individuals. With an estimated evacuation impact of 0.67, volunteering can facilitate the exit for multiple evacuees, outweighing the agent's selfish interests."
10,-1253122,selfish,"The agent is an evacuee with a distance of only 2 to the exit, which is very close. Given that there are already 1 current volunteer and 9 evacuees near the target obstacle, the agent's immediate priority should be to reach the exit rather than removing the obstacle, especially since the estimated evacuation impact is high (0.77). Volunteering may delay their own evacuation."
10,-1253136,volunteer,"The agent is in close proximity to the target obstacle and there are several nearby evacuees (6) that could benefit from its removal. With a relatively low distance to exit (4) and a high estimated evacuation impact (0.72), volunteering to remove the obstacle could significantly assist others and improve the overall evacuation process."
11,-1253136,volunteer,"assigned volunteer cleared obstacle"
12,-1253108,volunteer,"assigned volunteer cleared obstacle"
20,-1253150,volunteer,"The agent is positioned near a target obstacle which affects the evacuation path for multiple nearby evacuees. By volunteering to remove the obstacle, the agent can significantly improve the evacuation process for themselves and others, as estimated evacuation impact is 0.60. Additionally, with 4 evacuees near the target obstacle, collaboration is crucial for a successful evacuation."
20,-1253164,volunteer,"The agent is in a position to assist in removing a nearby obstacle that is affecting the evacuation process. With 4 evacuees near the target obstacle and a significant estimated evacuation impact of 0.61, volunteering to remove the obstacle can enhance the overall evacuation efficiency. Additionally, the agent's distance to exit is relatively short at 7 units, allowing them to still reach safety after helping."
20,-1253388,selfish,"With a distance of only 7 units to the exit and 3 nearby evacuees at the target obstacle, the agent is close to escaping. The estimated evacuation impact is moderately low (0.59), indicating that removing the obstacle may not significantly improve the situation for others. Additionally, the agent's position already allows for a relatively quick exit, making it more beneficial to prioritize personal safety over volunteering to assist."
20,-1253150,volunteer,"assigned volunteer cleared obstacle"
26,-1253164,volunteer,"assigned volunteer cleared obstacle"
30,-1253612,volunteer,"The agent should volunteer to remove the obstacle at (5, 11) because it is nearby and currently blocking the path for the evacuee. Even though there are several nearby obstacles, helping to clear this one will have a significant impact on improving the evacuation route for themselves and the nearby evacuee. The estimated evacuation impact of 0.59 suggests that their action could positively influence the overall evacuation process."
30,-1253612,volunteer,"assigned volunteer cleared obstacle"
40,-1253612,volunteer,"The agent is close to the exit (3 units away) and can help remove a nearby obstacle that is affecting the evacuation process. With only one evacuee near the target obstacle and a significant estimated evacuation impact of 0.61, volunteering to remove the obstacle can facilitate a quicker exit for both the agent and the nearby evacuee."
42,-1253612,volunteer,"assigned volunteer cleared obstacle"
1,-1253954,volunteer,"The agent should volunteer to remove the obstacle at (17, 16) because it is directly impacting the evacuation route for 8 nearby evacuees. With a high estimated evacuation impact of 0.64, volunteering could significantly aid the overall evacuation process, reducing the distance to exit for multiple individuals."
1,-1253982,volunteer,"The agent should volunteer to remove the obstacle because even though there are many nearby obstacles, the estimated evacuation impact is relatively high (0.64). Removing the obstacle could assist in the evacuation of the 7 nearby evacuees and help the overall evacuation process, especially with a manageable distance to the exit (8 units). Additionally, the current volunteers are low (only 1), indicating that more help is needed."
1,-1254010,selfish,"The agent is an evacuee and is currently 8 units away from the exit. The target obstacle is 9 units from the exit and is surrounded by 9 other evacuees. Removing this obstacle may not significantly improve the evacuation process, and due to the high number of nearby obstacles (20), the agent's personal safety and distance to exit should take priority. Thus, remaining selfish is the better decision."
3,-1253954,volunteer,"assigned volunteer cleared obstacle"
4,-1253982,volunteer,"assigned volunteer cleared obstacle"
10,-1253968,volunteer,"The agent is in a position to help remove a nearby obstacle that is blocking the exit path. With an estimated evacuation impact of 0.70, volunteering to remove the obstacle could significantly aid in the overall evacuation process, especially given that there are 9 evacuees near the target obstacle. This collaborative action can improve the chances of a smoother evacuation for all involved."
10,-1254010,volunteer,"The agent is positioned near the target obstacle and has a distance of 3.00 to the exit. With 10 evacuees near the target obstacle and an estimated evacuation impact of 0.78, volunteering to remove the obstacle can significantly help the nearby evacuees reach the exit faster. The agent's contribution as a volunteer can benefit the collective evacuation effort."
10,-1254038,volunteer,"The agent is positioned near a target obstacle that is affecting the evacuation process. With an estimated evacuation impact of 0.68, volunteering to remove the obstacle could significantly help the overall evacuation effort. Although there are nearby evacuees, the agent's proximity to the obstacle and the distance to the exit suggest that removing it would facilitate a quicker evacuation for everyone, including themselves."
10,-1254010,volunteer,"assigned volunteer cleared obstacle"
10,-1254038,volunteer,"assigned volunteer cleared obstacle"
12,-1253968,volunteer,"assigned volunteer cleared obstacle"
20,-1254038,volunteer,"The agent is positioned near the exit and has a short distance to cover. By volunteering to remove the target obstacle, the agent can significantly improve the evacuation process for nearby evacuees, especially since there are three evacuees near the obstacle. The estimated evacuation impact of 0.64 indicates that their action would have a positive effect on the overall evacuation effort."
20,-1254164,selfish,"The agent is an evacuee with a distance of 4 to the exit and currently only 1 volunteer. The target obstacle is too far (7.00) from the exit, and there are 4 evacuees near that obstacle. Given the estimated evacuation impact of 0.64, it would be more beneficial for the agent to focus on reaching the exit rather than volunteering to remove an obstacle that does not significantly improve overall evacuation."
20,-1254178,volunteer,"The agent is in a position to help remove an obstacle that is affecting the evacuation process. Given that there are evacuees near the target obstacle and the estimated evacuation impact is significant (0.61), volunteering to remove the obstacle can facilitate a quicker exit for all evacuees, including themselves. Additionally, the agent is close to the obstacle and can reach it efficiently."
20,-1254178,volunteer,"assigned volunteer cleared obstacle"
23,-1254038,volunteer,"assigned volunteer cleared obstacle"
30,-1253954,volunteer,"The agent should volunteer to remove the obstacle at (13, 26) because it is blocking the exit route for both the agent and other evacuees. With a distance of 3 to the exit and an estimated evacuation impact of 0.67, helping to clear this obstacle will facilitate the evacuation for multiple agents, making it a selfless yet strategic choice."
30,-1253968,volunteer,"The agent should volunteer to remove the obstacle because it is close to the exit and there is only one evacuee near the target obstacle. By volunteering, the agent can significantly impact the evacuation process, especially since the estimated evacuation impact is 0.59, indicating a meaningful contribution."
30,-1253982,volunteer,"The agent is positioned close to the exit and has a reasonable chance of contributing to the evacuation by removing the target obstacle. With an estimated evacuation impact of 0.65 and two other volunteers, the agent's participation can significantly help the nearby evacuees, especially since there are evacuees near the target obstacle. Volunteering can facilitate the evacuation process for all involved."
30,-1253954,volunteer,"assigned volunteer cleared obstacle"
32,-1253968,volunteer,"assigned volunteer cleared obstacle"
1,-1254800,volunteer,"The agent should volunteer to remove the obstacle at (4, 14) because it is in close proximity and has a significant impact on the evacuation process (estimated evacuation impact of 0.69). Additionally, with 5 evacuees near the target obstacle and no current volunteers, assisting in this situation can help improve the overall evacuation effort. The agent's distance to exit is also manageable (7), allowing them to help without jeopardizing their own evacuation."
1,-1254814,volunteer,"The agent should volunteer to remove the nearby obstacle because it is positioned close to the target obstacle and there are multiple evacuees near it. By volunteering, the agent can significantly impact the evacuation process positively (estimated evacuation impact of 0.66) and help reduce the distance to exit for the evacuees nearby."
1,-1254828,volunteer,"The agent is in a position to help remove a nearby obstacle that is affecting the evacuation of multiple evacuees. With a significant estimated evacuation impact of 0.65 and 5 evacuees nearby the target obstacle, volunteering to remove it would contribute to a more efficient evacuation process despite the agent's own distance to exit being only 5. Additionally, there are already 2 current volunteers, indicating a collaborative environment."
1,-1254800,volunteer,"assigned volunteer cleared obstacle"
2,-1254828,volunteer,"assigned volunteer cleared obstacle"
10,-1254814,selfish,"The agent is an evacuee and is only 8 units away from the exit. Volunteering to remove an obstacle that is 13 units away may not significantly impact the evacuation process, especially with a low estimated evacuation impact of 0.53. It is more beneficial for the agent to focus on their own exit rather than attempting to remove an obstacle."
10,-1254842,volunteer,"The agent should volunteer to remove the obstacle at (22, 11) because there are 6 evacuees nearby who could benefit from its removal, and the estimated evacuation impact is significant at 0.65. Although the agent is currently an evacuee, their actions could facilitate a quicker exit for themselves and others, especially with the exit being only 8 units away."
10,-1254856,volunteer,"The agent is positioned near a target obstacle that is affecting the evacuation of 4 other evacuees. By volunteering to remove the obstacle, the agent can significantly improve the evacuation process, especially given the estimated evacuation impact of 0.61. With only one current volunteer and nearby obstacles, the agent's effort can help clear a path for others while still being relatively close to the exit."
10,-1254842,volunteer,"assigned volunteer cleared obstacle"
12,-1254856,volunteer,"assigned volunteer cleared obstacle"
20,-1254842,volunteer,"The agent is positioned relatively close to the exit (6 units away) and there is an opportunity to assist in removing a nearby obstacle (target at (23, 8)). Although the target obstacle is not directly in the path to the exit, removing it could help improve evacuation efficiency for other agents nearby, especially since there is 1 evacuee near the target obstacle. The estimated evacuation impact of 0.55 suggests a moderate benefit, making it reasonable for the agent to contribute to the effort."
20,-1254856,volunteer,"The agent is close to the exit and can help clear the target obstacle which is only 3 units away. With 4 evacuees near the target obstacle and a significant estimated evacuation impact of 0.68, volunteering to remove the obstacle will facilitate a faster evacuation for the group, benefiting both the agent and those nearby."
20,-1255052,volunteer,"The agent is positioned close to the target obstacle and has a significant estimated evacuation impact of 0.67. By volunteering to remove the obstacle, the agent can help clear the path for themselves and others in the vicinity, particularly since there are three evacuees near the target obstacle. This action would facilitate a quicker evacuation for all, which aligns with the role of being part of a collective effort."
20,-1255052,volunteer,"assigned volunteer cleared obstacle"
23,-1254842,volunteer,"assigned volunteer cleared obstacle"
30,-1255080,volunteer,"The agent is positioned close to the exit and has a relatively low distance to cover (4). Additionally, the presence of 2 evacuees near the target obstacle indicates that removing the obstacle could significantly facilitate their evacuation. The estimated evacuation impact of 0.63 suggests that volunteering to remove this obstacle would substantially help the group, making it a beneficial decision."
30,-1255220,volunteer,"The agent is in a position very close to the exit (distance of 1) and has a nearby obstacle (target obstacle at (17, 1)) that needs to be removed. Volunteering to remove the obstacle could significantly improve the evacuation impact for the nearby evacuees and is likely to facilitate a quicker exit for all involved. Given that the agent is already close to exit and helping could enhance overall evacuation efficiency, volunteering is a positive action."
30,-1255374,selfish,"The agent is an evacuee with a short distance to the exit (3), indicating that they are close to safety. The presence of 14 nearby obstacles suggests a crowded situation, and with only 1 other evacuee near the target obstacle, removing it may not significantly impact overall evacuation time. The estimated evacuation impact of 0.63 indicates that while there is some benefit, it is not substantial enough to justify the risk of delaying their own evacuation, especially since they are already so close to the exit."
30,-1255220,volunteer,"assigned volunteer cleared obstacle"
32,-1255080,volunteer,"assigned volunteer cleared obstacle"
1,-1255646,volunteer,"The agent is in a position to help remove an obstacle that is affecting the evacuation process. With 9 evacuees near the target obstacle and a significant estimated evacuation impact of 0.70, volunteering to remove the obstacle can facilitate the escape of multiple agents. Since the agent's distance to the exit is only 5, they can afford to assist, enhancing overall evacuation efforts."
1,-1255660,selfish,"The agent is an evacuee with a distance to exit of 7, and there are 9 evacuees near the target obstacle with a significant number of nearby obstacles. Given the low estimated evacuation impact of 0.70 and the presence of only 1 current volunteer, it may be more beneficial for the agent to prioritize their own evacuation rather than risking their safety by volunteering to remove an obstacle."
1,-1255674,selfish,"The agent is an evacuee and is 8 units away from the exit. With 20 nearby obstacles and only one current volunteer, the agent's best option is to prioritize their own evacuation, especially since the estimated evacuation impact is moderate (0.66) and there are already enough evacuees (6) near the target obstacle."
5,-1255646,volunteer,"assigned volunteer cleared obstacle"
10,-1255646,volunteer,"The agent is in a position to help remove an obstacle that affects the evacuation of others. By volunteering, the agent can assist in reducing the estimated evacuation impact of 0.62, which indicates a significant number of evacuees are hindered by the nearby obstacle. Although the distance to exit is still 8, the presence of 6 evacuees near the target obstacle suggests that helping to clear it is crucial for improving the overall evacuation efficiency."
10,-1255674,selfish,"Given the high number of nearby obstacles (19) and evacuees (7) near the target obstacle, the agent's decision to remain selfish is justified. The distance to the exit is still considerable (9), and the potential impact of volunteering (0.69) does not outweigh the risks of getting delayed further, especially considering there is only 1 current volunteer and the agent may not be able to effectively assist due to the crowded situation."
10,-1255702,volunteer,"The agent should volunteer to remove the obstacle because there are 6 evacuees near the target obstacle, and removing it could significantly improve their ability to exit quickly. The estimated evacuation impact of 0.66 indicates a substantial benefit from clearing this obstacle, which outweighs the agent's selfish interests given the proximity to the exit and the presence of nearby evacuees."
11,-1255702,volunteer,"assigned volunteer cleared obstacle"
13,-1255646,volunteer,"assigned volunteer cleared obstacle"
20,-1255702,volunteer,"The agent is in a position to assist in removing the target obstacle which is directly affecting the evacuation process. With a nearby distance to the exit and the potential impact of 0.63, volunteering could significantly improve the evacuation for themselves and other evacuees in the area."
20,-1255870,selfish,"The agent is an evacuee with a distance of only 3 to the exit, which is quite close. Volunteering to remove the nearby obstacle (which is 8 units away from the exit) would not significantly improve the evacuation process for themselves or others, as there are already 6 nearby agents and only one current volunteer. The estimated evacuation impact is moderate (0.60), but considering the agent's proximity to the exit, it is more beneficial for them to prioritize their own evacuation rather than assist in removing an obstacle."
20,-1255926,volunteer,"The agent is in a position to help remove an obstacle that is blocking the exit for others. With a distance to exit of 2 and the nearby obstacle being critical (estimated evacuation impact of 0.64), volunteering to remove it will not only assist the evacuees near the target obstacle but also contribute positively to the overall evacuation process."
20,-1255702,volunteer,"assigned volunteer cleared obstacle"
24,-1255926,volunteer,"assigned volunteer cleared obstacle"
30,-1255702,volunteer,"The agent is positioned relatively close to the exit (distance to exit is 4) and there are nearby obstacles that need to be addressed. By volunteering to remove the target obstacle (7, 13), the agent can help clear a path for themselves and others, which has a significant estimated evacuation impact (0.61). Additionally, with 2 evacuees near the target obstacle, this action can aid in a faster evacuation for the group. Since there are no current volunteers, stepping up would be beneficial for all involved."
30,-1255744,selfish,"The agent is positioned as an evacuee with a relatively short distance to the exit (8 units) and is already near an exit. The impact of removing the target obstacle (13 units away) is relatively low, given the estimated evacuation impact of 0.53. With only one nearby agent and multiple obstacles, it is more beneficial for the agent to focus on their own evacuation rather than volunteering to remove an obstacle that is not critical to their immediate escape."
30,-1256038,volunteer,"The agent should volunteer to remove the obstacle because there is a nearby obstacle that is impacting the evacuation process, with a significant estimated evacuation impact of 0.59. By volunteering, the agent can help clear the path to the exit for themselves and nearby evacuees, improving the overall evacuation efficiency."
31,-1256038,volunteer,"assigned volunteer cleared obstacle"
1,-1256492,volunteer,"The agent should volunteer to remove the nearby obstacle at (14, 21) as it is positioned close to the exit and impacts the evacuation process positively. With an estimated evacuation impact of 0.71 and 9 evacuees near the target obstacle, the agent's contribution could significantly help the overall evacuation effort. Additionally, the agent has a distance of 12 to exit, making it feasible to assist while still being able to reach safety."
1,-1256520,volunteer,"The agent is in a position to help remove an obstacle that is impacting the evacuation process. With a significant estimated evacuation impact of 0.65 and 4 evacuees near the target obstacle, volunteering to remove it could significantly enhance the overall evacuation effort. Additionally, the agent is relatively close to the exit (8 units away), indicating that helping others could still allow for a timely escape."
1,-1256534,selfish,"The agent is currently an evacuee and is 9 units away from the exit. There are 20 nearby obstacles and 5 evacuees near the target obstacle, which may complicate the situation. With only 2 current volunteers and a significant number of obstacles, the estimated evacuation impact of 0.67 suggests that volunteering may not significantly improve the evacuation process for the agent. Therefore, it is more prudent for the agent to prioritize their own evacuation."
3,-1256520,volunteer,"assigned volunteer cleared obstacle"
4,-1256492,volunteer,"assigned volunteer cleared obstacle"
10,-1256492,volunteer,"The agent is in a position to assist in removing an obstacle that is blocking the exit route. With 3 evacuees near the target obstacle and no current volunteers, the agent's help could significantly improve the evacuation process. The estimated evacuation impact of 0.57 suggests that the agent's contribution would be valuable in facilitating a quicker exit for themselves and others."
10,-1256520,volunteer,"The agent is in a position to help remove an obstacle that is hindering the evacuation of nearby evacuees. With a high estimated evacuation impact of 0.65 and 4 evacuees near the target obstacle, volunteering to remove it could significantly aid the evacuation process. Since there is only one current volunteer, the agent's contribution could be crucial in improving the situation and facilitating a quicker exit for all."
10,-1256534,volunteer,"The agent is positioned relatively close to the exit and can contribute to removing an obstacle that is blocking the path for other evacuees. Given the high number of evacuees (6) near the target obstacle and the estimated evacuation impact of 0.66, volunteering to remove the obstacle can significantly aid in the evacuation process."
10,-1256520,volunteer,"assigned volunteer cleared obstacle"
11,-1256534,volunteer,"assigned volunteer cleared obstacle"
13,-1256492,volunteer,"assigned volunteer cleared obstacle"
20,-1256534,volunteer,"The agent should volunteer to remove the obstacle because it is positioned near a target obstacle (1, 15) that is only 1 unit away from the exit. With 6 evacuees nearby and a high estimated evacuation impact of 0.74, volunteering can significantly aid in the evacuation process, helping others to reach safety more quickly."
20,-1256548,selfish,"The agent is an evacuee with a distance of 5 to the exit and is already positioned well to evacuate. Volunteering to remove the obstacle may delay their own evacuation, especially since there are already 1 current volunteer and 3 nearby agents that could assist. The presence of 15 nearby obstacles and the estimated evacuation impact of 0.68 suggests that the situation is critical, but the agent's priority should be their own safety and timely exit."
20,-1256576,volunteer,"The agent is in a position to help clear a nearby obstacle that is directly affecting the evacuation process. With only one current volunteer and a significant number of nearby obstacles, volunteering to remove the target obstacle could increase the overall evacuation efficiency and help fellow evacuees reach the exit faster. The estimated evacuation impact of 0.62 suggests that the agent's help would be beneficial."
22,-1256534,volunteer,"assigned volunteer cleared obstacle"
22,-1256576,volunteer,"assigned volunteer cleared obstacle"
30,-1256730,volunteer,"The agent should volunteer to remove the obstacle at (10, 25) because there are nearby evacuees (2) who can benefit from the removal of the obstacle. The estimated evacuation impact of 0.61 indicates a significant benefit to the evacuation process, especially since the target obstacle is only 7 units away from the exit. Additionally, with a distance of 3 units to the exit, this agent is in a position to contribute meaningfully to the evacuation effort."
30,-1256870,volunteer,"The agent is positioned close to the target obstacle and there is a nearby evacuee who may benefit from the removal of the obstacle. The estimated evacuation impact is significant (0.59), indicating that volunteering could help facilitate a quicker exit for those nearby. With a distance of only 4 to the exit, assisting in removing the obstacle can greatly enhance the evacuation process."
30,-1257290,volunteer,"The agent is close to the exit and has a significant impact on the evacuation process by removing the nearby obstacle, which could help the evacuee nearby. With a high estimated evacuation impact of 0.60 and only a few nearby agents, volunteering to remove the obstacle may facilitate a quicker exit for others and improve overall evacuation efficiency."
32,-1256730,volunteer,"assigned volunteer cleared obstacle"
32,-1257290,volunteer,"assigned volunteer cleared obstacle"
1,-1257338,selfish,"Given the agent's role as an evacuee and the distance to the exit being relatively short (10 units), it is more beneficial for the agent to prioritize their own evacuation rather than volunteer to remove an obstacle, especially as there are already 20 nearby obstacles and 10 evacuees near the target obstacle, which indicates a high level of congestion. The estimated evacuation impact of 0.69 suggests that the agent's contribution may not significantly improve the situation."
1,-1257352,volunteer,"The agent should volunteer to remove the nearby obstacle at (7, 11) because it is blocking a significant number of evacuees (9) and removing it has a high estimated evacuation impact (0.70). Despite the distance to the exit being 13, facilitating the removal of this obstacle will ultimately help a larger group to evacuate more efficiently."
1,-1257366,volunteer,"By volunteering to remove the nearby obstacle at (10, 1), the agent can help clear a path for other evacuees and improve the overall evacuation efficiency. With a significant estimated evacuation impact of 0.62 and only one other volunteer currently, the agent's contribution is likely to make a meaningful difference in aiding the evacuation process."
3,-1257352,volunteer,"assigned volunteer cleared obstacle"
4,-1257366,volunteer,"assigned volunteer cleared obstacle"
10,-1257338,volunteer,"By volunteering to remove the nearby obstacle at (9, 26), the agent can significantly help the evacuation process, especially since there are 6 evacuees near that obstacle and the estimated evacuation impact is 0.67. This action could lead to a quicker exit for multiple individuals, including the agent."
10,-1257352,volunteer,"The agent should volunteer to remove the nearby obstacle at (8, 10) because there are two evacuees near this obstacle, and removing it could significantly improve the evacuation process. The estimated evacuation impact of 0.56 suggests that the agent's action would have a positive effect on the overall evacuation effort, especially given that there is currently only one volunteer and multiple nearby obstacles."
10,-1257394,volunteer,"The agent is in a position to help remove a nearby obstacle that affects multiple evacuees. By volunteering, the agent can significantly improve the evacuation process, as there are several evacuees near the target obstacle and the estimated evacuation impact is high. This action not only benefits others but also enhances the overall evacuation efficiency."
10,-1257352,volunteer,"assigned volunteer cleared obstacle"
10,-1257394,volunteer,"assigned volunteer cleared obstacle"
13,-1257338,volunteer,"assigned volunteer cleared obstacle"
20,-1257352,selfish,"The agent is an evacuee with a distance of 7 to the exit and there are 15 nearby obstacles. With 7 evacuees near the target obstacle and a high estimated evacuation impact, the agent's priority should be their own escape rather than volunteering to remove an obstacle that may not significantly aid their own evacuation."
20,-1257394,volunteer,"The agent should volunteer to remove the nearby obstacle because it is in close proximity to another evacuee and could significantly impact the evacuation process. With an estimated evacuation impact of 0.53, their action can improve the chances of a safe exit for themselves and others."
20,-1257464,selfish,"The agent is an evacuee with a distance of only 4 to the exit, making it more beneficial for them to focus on their own evacuation rather than volunteering to remove an obstacle that is far from the exit and surrounded by other evacuees. With 15 nearby obstacles and only 1 current volunteer, the agent's contribution would have a limited impact on the overall evacuation, as the estimated evacuation impact is only 0.67. Prioritizing their own exit is the most efficient choice."
22,-1257394,volunteer,"assigned volunteer cleared obstacle"
30,-1257492,volunteer,"The agent is in proximity to a target obstacle that is affecting the evacuation process. With an estimated evacuation impact of 0.58, volunteering to remove the obstacle can significantly aid in the overall evacuation efforts, especially since there are no current volunteers and the agent is only 6 units away from the exit. By choosing to volunteer, the agent can help improve the situation for themselves and others."
30,-1257674,volunteer,"The agent is positioned close to the exit and has a relatively low distance to exit (3). By volunteering to remove the nearby obstacle at (4, 13), the agent can directly contribute to the evacuation process, which has an estimated evacuation impact of 0.66. Additionally, there are three other evacuees near the target obstacle, indicating that the agent's assistance could facilitate a quicker exit for multiple individuals. Thus, volunteering is the altruistic choice that benefits the overall evacuation effort."
30,-1257758,volunteer,"The agent is positioned close to the exit and has a good chance to help remove the nearby obstacle, which could significantly aid in the evacuation process. With an estimated evacuation impact of 0.59, volunteering will help facilitate a smoother evacuation for others, especially since there are already 2 current volunteers and only 1 evacuee near the target obstacle."
31,-1257674,volunteer,"assigned volunteer cleared obstacle"
32,-1257492,volunteer,"assigned volunteer cleared obstacle"
33,-1257758,volunteer,"assigned volunteer cleared obstacle"
40,-1257828,volunteer,"The agent is in a position to help remove an obstacle that is blocking the path to the exit. With a distance of 6 to the exit and 11 nearby obstacles, volunteering to remove the target obstacle could significantly improve the evacuation process for themselves and others. The estimated evacuation impact of 0.57 suggests that this action could help facilitate the exit for other evacuees, making it a beneficial decision."
42,-1257828,volunteer,"assigned volunteer cleared obstacle"
50,-1257828,volunteer,"The agent is positioned close to the exit and has a reasonable chance of helping remove an obstacle that is affecting the evacuation route. With only one nearby agent and a significant number of obstacles, volunteering could significantly improve the evacuation impact for themselves and others, especially since the estimated evacuation impact is above 0.5."
53,-1257828,volunteer,"assigned volunteer cleared obstacle"
1,-1258184,volunteer,"The agent is near an obstacle that affects multiple evacuees. By volunteering to remove the obstacle, the agent can help the 7 nearby evacuees and improve the overall evacuation impact, which is significant (0.64). Additionally, there are currently no other volunteers, so the agent's contribution can directly facilitate a quicker exit for many."
1,-1258198,volunteer,"The agent is positioned near a target obstacle that is affecting the evacuation of 10 nearby evacuees. With an estimated evacuation impact of 0.73, volunteering to remove the obstacle can significantly improve the situation for the group. The agent's distance to exit is also relatively short (9), allowing them to assist others without greatly compromising their own evacuation."
1,-1258212,volunteer,"Given the agent's proximity to the target obstacle and the presence of nearby evacuees, volunteering to remove the obstacle can significantly improve the evacuation process for multiple individuals. With an estimated evacuation impact of 0.62, this decision supports the collective safety and efficiency of the evacuation effort."
1,-1258198,volunteer,"assigned volunteer cleared obstacle"
2,-1258184,volunteer,"assigned volunteer cleared obstacle"
10,-1258282,volunteer,"The estimated evacuation impact of 0.72 indicates that removing the obstacle would significantly aid in the evacuation process. Despite the agent being an evacuee, their action can facilitate the exit for themselves and others, especially given that there are 8 evacuees near the target obstacle."
10,-1258296,volunteer,"The agent is close to the exit (4 units away) and there are multiple nearby obstacles. By volunteering to remove the target obstacle, the agent can help improve the evacuation process for the 8 nearby evacuees, significantly impacting the overall evacuation effort with an estimated impact of 0.73. This action benefits the collective safety and efficiency of the evacuation."
10,-1258338,volunteer,"The agent should volunteer to remove the obstacle because it is positioned near a target obstacle that is impacting the evacuation of 7 nearby evacuees. The estimated evacuation impact of 0.71 indicates that removing this obstacle will significantly aid in clearing the path to the exit, especially since the distance to the exit is only 6. Volunteering will not only help the agent's peers but also contribute to a more efficient evacuation overall."
10,-1258282,volunteer,"assigned volunteer cleared obstacle"
10,-1258296,volunteer,"assigned volunteer cleared obstacle"
20,-1258338,volunteer,"The agent is close to the exit and has the opportunity to assist in removing an obstacle that is blocking the path of multiple evacuees. By volunteering to remove the target obstacle, which is affecting 4 evacuees, the agent can significantly improve the overall evacuation impact, estimated at 0.67. This aligns with the role of an evacuee who can contribute to the safety and efficiency of the evacuation process."
20,-1258422,selfish,"Given the agent's current position and the distance to exit, it is more beneficial for the agent to focus on reaching the exit rather than volunteering to remove an obstacle that does not directly impact their immediate evacuation. The evacuation impact of 0.56 suggests that the agent's contribution would not significantly change the situation, especially since they are already close to the exit and there are many nearby obstacles."
20,-1258450,volunteer,"The agent should volunteer to remove the obstacle because there are three evacuees near the target obstacle, and by doing so, it can significantly improve the evacuation process. The estimated evacuation impact of 0.66 indicates that removing this obstacle can help expedite the exit for multiple agents, which aligns with the role of an evacuee helping others."
23,-1258338,volunteer,"assigned volunteer cleared obstacle"
30,-1258492,volunteer,"The agent is only 2 units away from the exit and there is a nearby obstacle that is affecting the evacuation process. By volunteering to remove the obstacle, the agent can significantly improve the evacuation chances for themselves and the nearby evacuee, thus contributing positively to the overall evacuation effort."
30,-1258926,volunteer,"The agent should volunteer to remove the obstacle because it is positioned near a target obstacle that is affecting the evacuation of nearby agents. The estimated evacuation impact of 0.56 suggests that addressing this obstacle could significantly help the overall evacuation process. With only one current volunteer and the agent's proximity to the obstacle, their assistance could facilitate a quicker exit for themselves and others."
33,-1258492,volunteer,"assigned volunteer cleared obstacle"
33,-1258926,volunteer,"assigned volunteer cleared obstacle"
1,-1259030,volunteer,"The agent should volunteer to remove the target obstacle at (17, 15) because it is critical for clearing the path for the 8 nearby evacuees. The estimated evacuation impact of 0.65 indicates a significant benefit to the overall evacuation effort, and with no current volunteers, the agent's assistance will help facilitate a faster exit for all."
1,-1259044,volunteer,"The agent is in a position to help remove an obstacle that is currently hindering the evacuation of 10 nearby evacuees. By volunteering to remove the target obstacle (20, 17), the agent can significantly improve the evacuation process, given the estimated evacuation impact of 0.70. Moreover, the agent is only 9 units away from the exit and has the potential to assist in a crucial moment, benefiting both themselves and others."
1,-1259058,selfish,"The agent is an evacuee with a distance of 6 to the exit, which is relatively close. Volunteering to remove the target obstacle (22, 18) would not significantly benefit the agent's evacuation as it is positioned too far from the exit. Additionally, there are already 2 volunteers, and the presence of 9 evacuees near the target obstacle indicates that the obstacle may be removed by others without the agent's involvement. Therefore, it is more beneficial for the agent to focus on their own evacuation rather than volunteering."
1,-1259030,volunteer,"assigned volunteer cleared obstacle"
1,-1259044,volunteer,"assigned volunteer cleared obstacle"
10,-1259030,volunteer,"The agent is positioned relatively close to the exit (9 units away), and there are 3 evacuees near the target obstacle. By volunteering to remove the obstacle, the agent can significantly improve the evacuation prospects for others, given the estimated evacuation impact of 0.56. This collaborative action can help facilitate a quicker escape for the group, aligning with the role of an evacuee who may prioritize collective safety."
10,-1259044,volunteer,"The agent should volunteer to remove the nearby obstacle as it is positioned directly at (26, 12), which is only 4 units away from the exit. With 10 evacuees near this obstacle and an estimated evacuation impact of 0.77, volunteering to remove it can significantly facilitate the evacuation process for a larger group."
10,-1259058,volunteer,"The agent is located close to the target obstacle and volunteering to remove it would significantly aid in the evacuation process. With a high estimated evacuation impact of 0.76 and a distance of only 4 units to the exit, the agent's contribution could help a considerable number of evacuees (9) and facilitate a quicker exit for all. Therefore, volunteering is the most beneficial choice."
11,-1259044,volunteer,"assigned volunteer cleared obstacle"
13,-1259030,volunteer,"assigned volunteer cleared obstacle"
20,-1259170,volunteer,"The agent should volunteer to remove the obstacle at (17, 3) because it is blocking the path for 4 other evacuees. By volunteering, the agent can significantly improve the evacuation process, as the estimated evacuation impact is 0.66, indicating a substantial benefit to the overall evacuation effort. Additionally, with a distance of only 3 to the exit, the agent can afford to assist others while still being able to exit promptly."
20,-1259212,volunteer,"The agent should volunteer to remove the obstacle because there are 6 evacuees near the target obstacle, and removing it will significantly aid their evacuation. The estimated evacuation impact of 0.66 indicates that this action will have a positive effect on the overall evacuation process, especially since the agent is only 5 units away from the exit."
20,-1259226,volunteer,"Volunteering to remove the obstacle at (22, 18) can significantly impact the evacuation process, as it will reduce the distance to exit for the evacuees nearby. With an estimated evacuation impact of 0.56, the agent's action can help improve the overall evacuation efficiency, benefiting not only themselves but also others."
20,-1259170,volunteer,"assigned volunteer cleared obstacle"
21,-1259212,volunteer,"assigned volunteer cleared obstacle"
23,-1259226,volunteer,"assigned volunteer cleared obstacle"
30,-1259772,volunteer,"The agent is in a position to help remove an obstacle that is blocking the way to the exit. With a distance of only 3 to the exit and an estimated evacuation impact of 0.60, volunteering to remove the obstacle could significantly aid in the evacuation process for themselves and the nearby evacuee. Since there are currently no other volunteers, this action could greatly enhance the overall evacuation effectiveness."
32,-1259772,volunteer,"assigned volunteer cleared obstacle"
1,-1259876,volunteer,"By volunteering to remove the nearby obstacle, the agent can help clear the path for others, potentially improving the evacuation process. The estimated evacuation impact of 0.67 suggests that this action could significantly aid the overall evacuation effort, especially since there are multiple evacuees near the target obstacle."
1,-1259890,selfish,"The agent is an evacuee with a distance of 6 to the exit, which is relatively close. There are 20 nearby obstacles and 5 evacuees near the target obstacle, indicating a crowded situation. The estimated evacuation impact of 0.65 suggests that the agent's effort to remove the obstacle may not significantly improve the overall evacuation. Given these circumstances, it is more beneficial for the agent to prioritize their own exit rather than volunteering, which could delay their own escape."
1,-1259904,volunteer,"The agent is in a position to help remove the nearby target obstacle (24, 21) which is affecting 5 evacuees. Given the estimated evacuation impact of 0.61, volunteering to remove the obstacle could significantly aid in the evacuation process by clearing the path for multiple evacuees, including potentially the agent themselves, who is only 14 units away from the exit."
2,-1259904,volunteer,"assigned volunteer cleared obstacle"
4,-1259876,volunteer,"assigned volunteer cleared obstacle"
10,-1259876,volunteer,"The agent is positioned relatively close to the target obstacle and can contribute significantly to the evacuation effort. With a high estimated evacuation impact of 0.70 and multiple evacuees nearby, volunteering to remove the obstacle will facilitate the escape of others and enhance overall evacuation efficiency."
10,-1259890,volunteer,"The agent is positioned very close to the exit and has a high estimated evacuation impact (0.72), indicating that their assistance in removing the nearby obstacle could significantly facilitate the evacuation process for others. Since there are evacuees near the target obstacle, volunteering will help not only the agent but also others in the vicinity."
10,-1259904,selfish,"The agent is an evacuee and is only 7 units away from the exit. With a target obstacle only 6 units away but 2 nearby evacuees already present, the risk of delaying personal evacuation is higher. The estimated evacuation impact of 0.62 is not significant enough to justify volunteering, as it does not guarantee a faster evacuation for themselves or others."
11,-1259890,volunteer,"assigned volunteer cleared obstacle"
12,-1259876,volunteer,"assigned volunteer cleared obstacle"
20,-1259918,volunteer,"By volunteering to remove the obstacle at (24, 10), the agent can help clear the path for both themselves and the other evacuees nearby. Given the relatively low number of current volunteers and the high estimated evacuation impact of 0.60, this action not only aids in their own evacuation but also significantly helps others in the area. The distance to the exit is manageable, making it a reasonable choice to volunteer."
20,-1259932,volunteer,"The agent should volunteer to remove the obstacle as it is located near the exit and affects a significant number of evacuees (8). The estimated evacuation impact of 0.76 indicates that removing this obstacle would greatly facilitate the evacuation process, improving the chances for many individuals to reach safety."
20,-1259946,volunteer,"The agent is in a position to help remove an obstacle that is blocking the path to the exit. With a distance of 4 to the exit and an estimated evacuation impact of 0.66, volunteering to remove the nearby obstacle can significantly aid the evacuation process for other evacuees. Additionally, there are already 2 current volunteers, indicating a collaborative effort is in place, and the agent's contribution could lead to a quicker evacuation for themselves and others."
20,-1259918,volunteer,"assigned volunteer cleared obstacle"
22,-1259932,volunteer,"assigned volunteer cleared obstacle"
24,-1259946,volunteer,"assigned volunteer cleared obstacle"
30,-1259946,volunteer,"The agent is in a position to help remove a nearby obstacle that is affecting the evacuation process. With a distance of 4 to the exit and 3 evacuees near the target obstacle, volunteering could significantly improve the evacuation impact, which is estimated at 0.61. Given the urgency of the situation and the presence of nearby evacuees, it is beneficial for the agent to volunteer and assist in clearing the obstacle."
30,-1260002,volunteer,"The agent is close to the exit and has a good chance to contribute positively to the evacuation process. With an estimated evacuation impact of 0.68 and nearby obstacles affecting other evacuees, volunteering to remove the obstacle can help others reach safety more quickly."
30,-1260044,volunteer,"The agent is in a position where volunteering to remove the nearby obstacle (8, 15) will help clear a path for themselves and other evacuees. With only 5 units of distance to the exit and an estimated evacuation impact of 0.60, assisting in the removal of the obstacle is likely to facilitate a quicker exit for themselves and the 2 nearby evacuees, making it a beneficial decision."
30,-1260002,volunteer,"assigned volunteer cleared obstacle"
32,-1259946,volunteer,"assigned volunteer cleared obstacle"
