Step,AgentID,Decision,Explanation
1,-1729958,volunteer,"The agent should volunteer to remove the target obstacle at (7, 11) because it has a significant evacuation impact (0.69) with 21 evacuees nearby. Removing this obstacle will facilitate the evacuation process for a large number of people, outweighing the travel burden and the agent's current volunteer load, which is zero."
1,-1729972,volunteer,"The estimated evacuation impact of 0.61 indicates a significant benefit to removing the target obstacle, as there are 9 evacuees near it. Although the agent has a current volunteer load of 1, the potential positive impact on the evacuation process outweighs the travel burden and current load. Therefore, volunteering is the best choice."
1,-1729986,volunteer,"The estimated evacuation impact of 0.67 indicates a significant benefit to removing the target obstacle, especially given that there are 17 evacuees near it. Although the agent has a current volunteer load of 2, the high number of evacuees affected and the relatively short distance to the exit (8) suggest that volunteering will facilitate a more efficient evacuation overall."
1,-1729958,volunteer,"assigned volunteer cleared obstacle"
1,-1729972,volunteer,"assigned volunteer cleared obstacle"
1,-1729986,volunteer,"assigned volunteer cleared obstacle"
6,-1729958,volunteer,"The agent should volunteer to remove the target obstacle at (8, 12) because it has a significant evacuation impact of 0.69, which indicates that assisting in this situation will greatly benefit the overall evacuation process. The travel burden is manageable as the distance to the exit is 11, and the agent currently has no volunteer load, making it feasible to assist without overextending themselves."
6,-1729972,volunteer,"The estimated evacuation impact of 0.60 indicates a significant benefit to removing the target obstacle, which is crucial for the evacuation process. Although the agent has a current volunteer load of 1 and is positioned 7 units from the exit, the presence of 6 evacuees near the target obstacle highlights the urgency of their situation. Volunteering to remove the obstacle will facilitate the evacuation of multiple individuals, outweighing the travel burden and current volunteer load."
6,-1729986,volunteer,"The estimated evacuation impact of 0.68 indicates a significant benefit to removing the target obstacle, especially since there are 7 evacuees near it. The distance to the exit is only 2.00, suggesting that removing this obstacle will facilitate a quicker evacuation for multiple individuals. Although the agent currently has 2 volunteers, the impact on evacuation outweighs the travel burden and current load."
6,-1729958,volunteer,"assigned volunteer cleared obstacle"
6,-1729972,volunteer,"assigned volunteer cleared obstacle"
6,-1729986,volunteer,"assigned volunteer cleared obstacle"
12,-1729958,volunteer,"The agent should volunteer to remove the target obstacle at (4, 10) because it has a significant evacuation impact of 0.71, which indicates that helping to clear this obstacle will greatly benefit the nearby evacuees (20) and facilitate their exit. The travel burden to the target obstacle is manageable, and the agent currently has no volunteer load, making it feasible to assist without overextending themselves."
12,-1729972,volunteer,"The agent should volunteer to remove the target obstacle because the estimated evacuation impact is significant (0.65), indicating that helping to clear the path will greatly benefit the evacuation process. Although there are nearby obstacles and the agent has a current volunteer load of 1, the distance to the exit is relatively short (5), and the presence of 9 evacuees near the target obstacle suggests that their assistance is crucial for a smoother evacuation."
12,-1729986,volunteer,"The estimated evacuation impact of 0.71 indicates that removing the target obstacle will significantly aid the evacuation process. Although the agent has a current volunteer load of 2 and there are 17 evacuees near the target obstacle, the high number of nearby obstacles (74) and the proximity to the exit (5 units) suggest that volunteering will facilitate a quicker evacuation for many. Therefore, the benefits of volunteering outweigh the travel burden and current volunteer load."
12,-1729972,volunteer,"assigned volunteer cleared obstacle"
13,-1729958,volunteer,"assigned volunteer cleared obstacle"
14,-1729986,volunteer,"assigned volunteer cleared obstacle"
18,-1729958,volunteer,"The estimated evacuation impact of 0.79 indicates a significant benefit to removing the target obstacle, especially with 27 evacuees nearby. The distance to the exit is manageable at 6, and the agent has no current volunteer load, making it feasible to assist without a heavy travel burden."
18,-1729972,volunteer,"The estimated evacuation impact of 0.69 indicates that removing the target obstacle will significantly aid the evacuation process, especially with 12 evacuees nearby. Although the agent has a current volunteer load of 1, the travel burden to the target obstacle is manageable given the proximity to the exit (3 units away). Prioritizing the evacuation impact outweighs the current volunteer load and travel burden."
18,-1729986,volunteer,"The estimated evacuation impact of 0.65 indicates a significant benefit to removing the target obstacle, which is crucial given the presence of 11 evacuees near it. Although the agent has a current volunteer load of 2 and the travel burden to the target obstacle is not negligible, the overall impact on evacuation outweighs these concerns. Therefore, the agent should volunteer to help remove the obstacle."
18,-1729958,volunteer,"assigned volunteer cleared obstacle"
18,-1729972,volunteer,"assigned volunteer cleared obstacle"
20,-1729986,volunteer,"assigned volunteer cleared obstacle"
24,-1729958,volunteer,"The agent should volunteer to remove the target obstacle because it is positioned close to the exit (2.00 distance) and there are 18 evacuees nearby, indicating a significant evacuation impact (0.75). The travel burden is minimal as the agent is only 3 units away from the exit, and the current volunteer load is zero, allowing the agent to assist without overextending themselves."
24,-1730000,volunteer,"The estimated evacuation impact of 0.70 indicates a significant benefit to the overall evacuation process by removing the target obstacle. Although the agent has a current volunteer load of 1, the presence of 19 evacuees near the target obstacle suggests that assisting in its removal will greatly aid in their evacuation, outweighing the travel burden and current volunteer load."
24,-1730028,volunteer,"The agent should volunteer to remove the target obstacle at (15, 7) because the estimated evacuation impact is significant (0.69), indicating that removing this obstacle will greatly aid the evacuation of 18 nearby evacuees. Although the agent has a current volunteer load of 2, the high evacuation impact outweighs the travel burden and current load considerations."
24,-1729958,volunteer,"assigned volunteer cleared obstacle"
25,-1730028,volunteer,"assigned volunteer cleared obstacle"
30,-1729958,volunteer,"The estimated evacuation impact of 0.70 indicates a significant benefit to the overall evacuation process by removing the target obstacle. The distance to the exit is only 4, and the target obstacle is 3 away from the exit, meaning that removing it will facilitate the evacuation of 12 nearby evacuees. Since the agent has no current volunteer load, the travel burden is manageable, making volunteering the optimal choice."
30,-1729986,volunteer,"The agent should volunteer to remove the target obstacle because it has a significant evacuation impact (0.62) and there are evacuees near the target obstacle (2). Although the agent has a current volunteer load of 1, the distance to the exit is only 2, making the travel burden manageable. Removing the obstacle will facilitate the evacuation process for others, which is prioritized over the agent's selfish interests."
30,-1730000,volunteer,"The estimated evacuation impact of 0.71 indicates a significant benefit to the overall evacuation process by removing the target obstacle. Although the agent has a current volunteer load of 2, the travel burden to the target obstacle is manageable given the proximity to the exit (2 units away). The presence of 15 evacuees near the target obstacle further emphasizes the importance of removing it to facilitate their evacuation."
31,-1729958,volunteer,"assigned volunteer cleared obstacle"
33,-1729986,volunteer,"assigned volunteer cleared obstacle"
36,-1729958,volunteer,"The estimated evacuation impact of 0.62 indicates a significant benefit to the overall evacuation process by removing the target obstacle. Although the agent has a current volunteer load of 1 and the travel burden to the target obstacle is present, the potential to assist 5 nearby evacuees outweighs these concerns, making it a favorable decision to volunteer."
36,-1729986,selfish,"The agent should remain selfish because the evacuation impact of removing the target obstacle is relatively low (0.58) compared to the travel burden and the current volunteer load. With a distance of 7.00 to the exit from the target obstacle and only 2 current volunteers, the agent's contribution would not significantly enhance the overall evacuation effort, especially given their own proximity to the exit (2)."
36,-1730028,volunteer,"The estimated evacuation impact of 0.68 indicates that removing the target obstacle will significantly aid in the evacuation process. Although the agent has a current volunteer load of 2, the high number of evacuees (11) near the target obstacle and the proximity to the exit (4 units) suggest that volunteering will facilitate a quicker evacuation for a larger group, outweighing the travel burden and current load."
36,-1730000,volunteer,"assigned volunteer cleared obstacle"
42,-1730000,selfish,"The estimated evacuation impact of removing the target obstacle is 0.57, which is relatively low compared to the travel burden of moving to the target obstacle (distance to exit is 3, and the target obstacle is 8 away). Additionally, the agent currently has a volunteer load of 1, which suggests they are already contributing. Given these factors, it is more beneficial for the agent to remain selfish and prioritize their own evacuation."
42,-1730098,volunteer,"The agent should volunteer to remove the target obstacle because it has a significant evacuation impact (0.54) and there is only one evacuee near the target obstacle. Although the target obstacle is 11 units away from the exit, assisting in its removal will facilitate the evacuation process for the nearby evacuee. The travel burden is manageable, and the current volunteer load is low (only 1). Therefore, volunteering aligns with the priority of maximizing evacuation impact."
42,-1730238,selfish,"The agent should remain selfish because the estimated evacuation impact of removing the target obstacle (0.56) does not outweigh the travel burden of moving to the target obstacle (3 units away) while already having a current volunteer load of 2. The agent is closer to the exit and can evacuate without additional burden."
43,-1729958,volunteer,"assigned volunteer cleared obstacle"
45,-1730098,volunteer,"assigned volunteer cleared obstacle"
48,-1729958,volunteer,"The estimated evacuation impact of 0.60 indicates that removing the target obstacle will significantly aid in the evacuation process. The agent is positioned close to the exit (2 units away) and has no current volunteer load, making it feasible to assist without a heavy travel burden. Additionally, there is one evacuee near the target obstacle, suggesting that their removal will directly benefit another individual in need."
48,-1730098,volunteer,"The estimated evacuation impact of 0.52 indicates that removing the target obstacle will significantly aid in the evacuation process. Although the agent has a current volunteer load of 1, the travel burden to the target obstacle is manageable, and there is only one nearby evacuee who would benefit from the removal. Prioritizing the evacuation impact justifies the decision to volunteer."
48,-1730238,volunteer,"The estimated evacuation impact of 0.63 indicates a significant benefit to removing the target obstacle, especially since there are 3 evacuees near it and it is only 4 units away from the exit. Although the agent has a current volunteer load of 2, the potential positive impact on evacuation outweighs the travel burden and current load."
50,-1730098,volunteer,"assigned volunteer cleared obstacle"
51,-1729958,volunteer,"assigned volunteer cleared obstacle"
51,-1730238,volunteer,"assigned volunteer cleared obstacle"
54,-1730098,volunteer,"The agent should volunteer to remove the target obstacle because it has a significant evacuation impact (0.52) and there is only one evacuee near the target obstacle. Although the distance to the exit is longer for the target obstacle (13.00), the overall benefit of facilitating evacuation outweighs the travel burden and the agent's current volunteer load (0)."
54,-1730238,volunteer,"The agent should volunteer to remove the target obstacle because it has a significant evacuation impact of 0.60, which outweighs the travel burden and current volunteer load. By removing the obstacle, the agent facilitates the evacuation of two nearby evacuees and improves the overall evacuation efficiency."
54,-1730938,volunteer,"The estimated evacuation impact of 0.62 indicates a significant benefit to removing the target obstacle, which is crucial given the presence of 3 evacuees near it. Although the agent has a current volunteer load of 2, the travel burden to the target obstacle is manageable at a distance of 1, and the overall evacuation impact outweighs the agent's current load."
54,-1730938,volunteer,"assigned volunteer cleared obstacle"
56,-1730238,volunteer,"assigned volunteer cleared obstacle"
57,-1730098,volunteer,"assigned volunteer cleared obstacle"
60,-1730098,volunteer,"The agent should volunteer to remove the target obstacle because it has a significant evacuation impact (0.53) and there is only one evacuee near the target obstacle. Although the distance to the exit is longer for the target obstacle (12.00), the overall benefit to evacuation outweighs the travel burden and the agent has no current volunteer load."
63,-1730098,volunteer,"assigned volunteer cleared obstacle"
66,-1730098,volunteer,"The agent should volunteer to remove the target obstacle because it has a significant evacuation impact (0.52) and there is only one evacuee near the target obstacle. Removing the obstacle will facilitate the evacuation process, despite the travel burden of moving to the target obstacle. The agent currently has no volunteer load, making it feasible to assist."
68,-1730098,volunteer,"assigned volunteer cleared obstacle"
72,-1730098,volunteer,"The agent should volunteer to remove the target obstacle because it has a significant evacuation impact (0.56) and there is only one evacuee near the target obstacle. Removing the obstacle will facilitate the evacuation process, outweighing the travel burden and the current volunteer load, which is zero."
74,-1730098,volunteer,"assigned volunteer cleared obstacle"
102,-1730098,volunteer,"The agent should volunteer to remove the target obstacle because it has a significant estimated evacuation impact of 0.57, which outweighs the travel burden of moving to the target obstacle. Additionally, the agent currently has no volunteer load, making it feasible to assist without overextending themselves."
105,-1730098,volunteer,"assigned volunteer cleared obstacle"
108,-1730098,volunteer,"The agent should volunteer to remove the target obstacle because it has a significant evacuation impact (0.57) and there is only one evacuee near the target obstacle. Although the distance to the exit is longer (8.00) for the target obstacle, the overall benefit of facilitating evacuation outweighs the travel burden and the agent's current volunteer load (0)."
110,-1730098,volunteer,"assigned volunteer cleared obstacle"
114,-1730098,selfish,"The agent should remain selfish because the target obstacle is 7 units away from the exit, which significantly impacts the evacuation process. Although there is only one evacuee near the target obstacle, the agent's distance to the exit is only 5 units, and they have no current volunteer load. The evacuation impact of removing the obstacle is not sufficient to outweigh the travel burden of moving towards it, especially given the high number of nearby obstacles (50) that could complicate the situation further."
1,-1732598,volunteer,"The agent should volunteer to remove the target obstacle at (7, 16) because it has a significant evacuation impact (0.64) with 11 evacuees nearby. The distance to the exit is manageable (9), and the agent has no current volunteer load, making it feasible to assist without a heavy travel burden."
1,-1732612,volunteer,"The estimated evacuation impact of 0.64 indicates a significant benefit to removing the target obstacle, especially with 12 evacuees nearby. Although the agent has a current volunteer load of 1, the potential positive impact on the evacuation process outweighs the travel burden and current load considerations."
1,-1732626,volunteer,"The estimated evacuation impact of 0.69 indicates a significant benefit to the overall evacuation process by removing the target obstacle. Although the agent has a current volunteer load of 2, the high number of evacuees (18) near the target obstacle and the relatively short distance to the exit (7) suggest that volunteering will facilitate a quicker evacuation for many. The travel burden is manageable given the circumstances."
1,-1732598,volunteer,"assigned volunteer cleared obstacle"
1,-1732612,volunteer,"assigned volunteer cleared obstacle"
3,-1732626,volunteer,"assigned volunteer cleared obstacle"
6,-1732598,volunteer,"The agent should volunteer to remove the target obstacle because it has a significant evacuation impact (0.68) and there are 18 evacuees near the target obstacle. Removing this obstacle will facilitate the evacuation of multiple individuals, outweighing the travel burden and the agent's current volunteer load, which is zero."
6,-1732612,volunteer,"The estimated evacuation impact of 0.68 indicates that removing the target obstacle will significantly aid in the evacuation process, especially with 12 evacuees near the target obstacle. Although the agent has a current volunteer load of 1, the high evacuation impact outweighs the travel burden and current load considerations."
6,-1732626,volunteer,"The agent should volunteer to remove the target obstacle because the estimated evacuation impact is high (0.74) and there are 18 evacuees near the target obstacle. Removing it will significantly aid in the evacuation process. The travel burden is manageable with a distance of 3.00 to the exit after removing the obstacle, and the current volunteer load of 2 is not excessive given the circumstances."
6,-1732598,volunteer,"assigned volunteer cleared obstacle"
6,-1732612,volunteer,"assigned volunteer cleared obstacle"
6,-1732626,volunteer,"assigned volunteer cleared obstacle"
12,-1732598,volunteer,"The agent should volunteer to remove the target obstacle because the estimated evacuation impact is significant (0.65), indicating that removing the obstacle will greatly aid the evacuation process. The travel burden is manageable, as the distance to the exit is only 9, and the agent currently has no volunteer load. Additionally, there are 11 evacuees near the target obstacle, which suggests that their removal will benefit multiple individuals."
12,-1732626,volunteer,"The estimated evacuation impact of 0.68 indicates a significant benefit to removing the target obstacle, which is crucial given that there are 17 evacuees near it. Although the agent has a current volunteer load of 1, the potential positive impact on the evacuation process outweighs the travel burden and current load."
12,-1732640,volunteer,"The estimated evacuation impact of 0.67 indicates that removing the target obstacle will significantly aid in the evacuation process, especially with 14 evacuees nearby. Although the agent has a current volunteer load of 2, the high number of evacuees near the target obstacle and the relatively short distance to the exit (7.00) justify the decision to volunteer, as it prioritizes the overall evacuation impact."
12,-1732640,volunteer,"assigned volunteer cleared obstacle"
13,-1732626,volunteer,"assigned volunteer cleared obstacle"
14,-1732598,volunteer,"assigned volunteer cleared obstacle"
18,-1732598,volunteer,"The estimated evacuation impact of 0.72 is significant, indicating that removing the target obstacle will greatly aid in the evacuation process. The agent has no current volunteer load, and the travel burden to the target obstacle is manageable given the proximity to the exit. Therefore, volunteering to remove the obstacle is the best choice for maximizing evacuation efficiency."
18,-1732626,volunteer,"The estimated evacuation impact of 0.61 indicates a significant benefit to removing the target obstacle, which is crucial for the evacuation of 4 nearby evacuees. Although the agent has a current volunteer load of 1, the travel burden to the target obstacle is manageable given the proximity to the exit (3 units away). Prioritizing the evacuation impact outweighs the current volunteer load and travel burden."
18,-1732640,volunteer,"The estimated evacuation impact of 0.74 indicates a significant benefit to removing the target obstacle, which is crucial given that there are 22 evacuees near it. The distance to the exit is relatively short at 6, and while the agent has a current volunteer load of 2, the high evacuation impact outweighs the travel burden and current load. Therefore, volunteering to remove the obstacle is the best choice for maximizing overall evacuation efficiency."
18,-1732598,volunteer,"assigned volunteer cleared obstacle"
18,-1732640,volunteer,"assigned volunteer cleared obstacle"
21,-1732626,volunteer,"assigned volunteer cleared obstacle"
24,-1732598,volunteer,"The agent should volunteer to remove the target obstacle because the estimated evacuation impact is significant (0.59), indicating that removing the obstacle will greatly aid in the evacuation process. The travel burden is manageable with a distance to exit of 4 and no current volunteer load, making it feasible for the agent to assist without overextending themselves."
24,-1732626,volunteer,"The agent should volunteer to remove the target obstacle because it has a significant evacuation impact (0.57) and there are evacuees (3) near the target obstacle that could benefit from its removal. Although the distance to the exit for the target obstacle is 9.00, the overall benefit to the evacuation process outweighs the travel burden and the current volunteer load."
24,-1732640,volunteer,"The agent should volunteer to remove the target obstacle at (14, 3) because it has a significant evacuation impact of 0.75, which indicates that helping to clear this obstacle will greatly facilitate the evacuation of 20 nearby evacuees. The distance to the exit is already short at 3, and while the agent has a current volunteer load of 2, the high evacuation impact outweighs the travel burden and current load considerations."
24,-1732640,volunteer,"assigned volunteer cleared obstacle"
26,-1732598,volunteer,"assigned volunteer cleared obstacle"
27,-1732626,volunteer,"assigned volunteer cleared obstacle"
30,-1732598,volunteer,"The agent should volunteer to remove the target obstacle because it has a significant evacuation impact (0.63) and there are 7 evacuees near the target obstacle. Although the distance to the exit is 3, the agent has no current volunteer load, making it feasible to assist in removing the obstacle, which will facilitate the evacuation of others."
30,-1732626,volunteer,"The estimated evacuation impact of 0.55 indicates that removing the target obstacle will significantly aid in the evacuation process. Although the agent has a current volunteer load of 1 and there are nearby obstacles, the evacuation impact takes precedence, making it beneficial for the agent to volunteer despite the travel burden."
30,-1732640,volunteer,"The agent should volunteer to remove the target obstacle at (15, 4) because it has a significant evacuation impact (0.69) with 13 evacuees nearby. Although the agent has a current volunteer load of 2, the distance to the exit is only 1, making the travel burden manageable. Prioritizing evacuation impact, the agent's action will facilitate the escape of multiple evacuees."
31,-1732626,volunteer,"assigned volunteer cleared obstacle"
31,-1732640,volunteer,"assigned volunteer cleared obstacle"
33,-1732598,volunteer,"assigned volunteer cleared obstacle"
36,-1732598,volunteer,"The agent should volunteer to remove the target obstacle because the estimated evacuation impact is significant (0.58), which indicates that assisting in the evacuation process will greatly benefit others. Although the distance to the exit is relatively short (3), the target obstacle is blocking the path for 2 nearby evacuees and is 8 units away from the exit. The agent has no current volunteer load, making it feasible to assist without adding a travel burden."
36,-1732626,volunteer,"The estimated evacuation impact of 0.55 indicates that removing the target obstacle will significantly aid in the evacuation process. Although the agent has a current volunteer load of 1 and is an evacuee, the potential benefit to the overall evacuation outweighs the travel burden and current load. The agent is in a position to help clear a path for others, which is crucial given the presence of nearby obstacles and evacuees."
36,-1732780,selfish,"The agent should remain selfish because the target obstacle is 8 units away from the exit, which significantly impacts evacuation. However, the agent is already carrying a current volunteer load of 2 and the evacuation impact of removing the obstacle is not sufficient to outweigh the travel burden and the agent's current responsibilities."
37,-1732626,volunteer,"assigned volunteer cleared obstacle"
39,-1732598,volunteer,"assigned volunteer cleared obstacle"
42,-1732626,volunteer,"The agent should volunteer to remove the target obstacle at (22, 9) because it has a significant estimated evacuation impact of 0.54, which indicates that removing this obstacle will greatly aid in the evacuation process. The travel burden is manageable as the distance to the target obstacle is not excessive, and the agent currently has no volunteer load, making it feasible to assist without overextending themselves."
42,-1732906,volunteer,"The agent should volunteer to remove the target obstacle because it has a significant evacuation impact (0.64) and there are 4 evacuees near the target obstacle. Removing this obstacle will facilitate their exit, which is prioritized over the agent's travel burden and current volunteer load."
42,-1733228,volunteer,"The estimated evacuation impact of 0.63 indicates a significant benefit to removing the target obstacle, which is crucial given that there are 3 evacuees near it. Although the agent has a current volunteer load of 2, the travel burden to the target obstacle is manageable, and the distance to exit is only 2. Therefore, volunteering to remove the obstacle will enhance the overall evacuation effort."
42,-1732906,volunteer,"assigned volunteer cleared obstacle"
42,-1733228,volunteer,"assigned volunteer cleared obstacle"
43,-1732626,volunteer,"assigned volunteer cleared obstacle"
48,-1732626,volunteer,"The agent should volunteer to remove the target obstacle because it has a significant evacuation impact (0.56) and there is only one evacuee near the target obstacle. Removing the obstacle will facilitate the exit for the evacuee, outweighing the travel burden and the current volunteer load, which is zero."
48,-1732906,selfish,"The estimated evacuation impact of removing the target obstacle is 0.58, which is moderate. However, the distance to the exit is 5, and the target obstacle is 7 units away from the exit, meaning it does not significantly improve evacuation. Additionally, the agent already has a current volunteer load of 1 and would incur a travel burden to remove the obstacle, which does not outweigh the benefits given the circumstances."
50,-1732626,volunteer,"assigned volunteer cleared obstacle"
54,-1732906,selfish,"The estimated evacuation impact of removing the target obstacle is 0.59, which is not significant enough to justify the travel burden of moving to the target obstacle (distance of 6.00) given the agent's current position and the fact that there are no current volunteers. The agent should prioritize their own evacuation over a low-impact action."
1,-1734704,volunteer,"The agent should volunteer to remove the target obstacle at (16, 11) because it has a significant evacuation impact (0.67) with 22 evacuees nearby. The distance to the exit is the same for both the agent and the target obstacle, and the agent currently has no volunteer load, making it feasible to assist without a significant travel burden."
1,-1734718,volunteer,"The agent should volunteer to remove the target obstacle because it has a significant evacuation impact (0.65) and there are 9 evacuees near the target obstacle. Removing this obstacle will facilitate the evacuation of multiple individuals, outweighing the travel burden and the current volunteer load."
1,-1734732,volunteer,"The agent should volunteer to remove the target obstacle at (14, 22) because it has a significant evacuation impact (0.67) with 14 evacuees nearby. The distance to the exit is the same for both the agent and the target obstacle, and while the agent has a current volunteer load of 2, the high number of evacuees affected justifies the decision to prioritize evacuation impact over travel burden and current load."
1,-1734732,volunteer,"assigned volunteer cleared obstacle"
2,-1734704,volunteer,"assigned volunteer cleared obstacle"
3,-1734718,volunteer,"assigned volunteer cleared obstacle"
6,-1734704,volunteer,"The agent should volunteer to remove the target obstacle because doing so will significantly impact the evacuation process positively, as there are 11 evacuees near the target obstacle and the estimated evacuation impact is 0.60. The travel burden is manageable since the distance to the exit remains the same at 11. Additionally, the agent currently has no volunteer load, making it feasible to assist."
6,-1734718,volunteer,"The agent should volunteer to remove the target obstacle because it has a significant evacuation impact (0.66) and there are 9 evacuees near the target obstacle. Removing it will facilitate their escape, outweighing the travel burden and the current volunteer load."
6,-1734732,volunteer,"The estimated evacuation impact of removing the target obstacle is significant (0.68), which indicates that it would greatly benefit the evacuation process. Although the agent has a current volunteer load of 2 and is an evacuee, the high number of evacuees (16) near the target obstacle and the relatively short distance to the exit (6) suggest that volunteering to remove the obstacle will facilitate a quicker evacuation for many individuals. Therefore, the decision to volunteer is prioritized over remaining selfish."
6,-1734718,volunteer,"assigned volunteer cleared obstacle"
7,-1734732,volunteer,"assigned volunteer cleared obstacle"
8,-1734704,volunteer,"assigned volunteer cleared obstacle"
12,-1734704,volunteer,"The agent should volunteer to remove the target obstacle because it is located near 8 evacuees, which indicates a significant evacuation impact. The estimated evacuation impact of 0.58 suggests that removing this obstacle will greatly facilitate the evacuation process. Additionally, the agent has no current volunteer load, making it feasible to assist without a travel burden."
12,-1734718,volunteer,"The agent should volunteer to remove the target obstacle because it is located only 1 unit away from the exit and there are 12 evacuees near it. The estimated evacuation impact is high at 0.72, indicating that removing this obstacle will significantly aid in the evacuation process. Although the agent has a current volunteer load of 1, the positive impact on evacuation outweighs the travel burden of removing the obstacle."
12,-1734732,volunteer,"The estimated evacuation impact of 0.72 indicates a significant benefit to removing the target obstacle, especially given that there are 16 evacuees near it. The distance to the exit is only 5, and the target obstacle is 3 away from the exit, making it feasible to remove it without a substantial travel burden. Additionally, the current volunteer load of 2 is manageable in this context, allowing for the decision to prioritize the evacuation impact."
12,-1734732,volunteer,"assigned volunteer cleared obstacle"
14,-1734718,volunteer,"assigned volunteer cleared obstacle"
16,-1734704,volunteer,"assigned volunteer cleared obstacle"
18,-1734704,volunteer,"The agent should volunteer to remove the target obstacle because it has a significant evacuation impact (0.57) and there are 7 evacuees near the target obstacle. Removing the obstacle will facilitate the evacuation of these individuals, outweighing the travel burden and the current volunteer load, which is zero."
18,-1734718,volunteer,"The agent should volunteer to remove the target obstacle because it has a significant evacuation impact (0.70) and there are 13 evacuees near the target obstacle. Removing this obstacle will facilitate the evacuation of multiple individuals, outweighing the travel burden and the agent's current volunteer load."
18,-1734732,volunteer,"The estimated evacuation impact of 0.65 indicates a significant benefit to removing the target obstacle, especially with 8 evacuees nearby who would be positively affected. Although the agent has a current volunteer load of 2, the high evacuation impact outweighs the travel burden and current load considerations."
19,-1734704,volunteer,"assigned volunteer cleared obstacle"
19,-1734718,volunteer,"assigned volunteer cleared obstacle"
19,-1734732,volunteer,"assigned volunteer cleared obstacle"
24,-1734704,volunteer,"The agent should volunteer to remove the target obstacle because doing so will significantly improve the evacuation impact by facilitating the exit for 5 nearby evacuees. The distance to the exit from the target obstacle is relatively short (9.00), and the agent has no current volunteer load, making it feasible to assist without a significant travel burden."
24,-1734732,volunteer,"The agent should volunteer to remove the target obstacle at (17, 27) because it has a significant evacuation impact (0.67) with 10 evacuees nearby. The distance to the exit is only 2, indicating that the agent can quickly return to the exit after assisting. The travel burden is manageable, and the current volunteer load is low (only 1). Therefore, volunteering will enhance the overall evacuation effort."
24,-1734774,volunteer,"The agent should volunteer to remove the target obstacle at (12, 24) because it has a significant evacuation impact (0.68) and there are 14 evacuees near the target obstacle. Although the distance to the exit is slightly longer (6.00) compared to the agent's current distance (5), the high number of evacuees affected and the potential to improve their evacuation outweighs the travel burden. The current volunteer load of 2 is manageable given the circumstances."
24,-1734732,volunteer,"assigned volunteer cleared obstacle"
26,-1734704,volunteer,"assigned volunteer cleared obstacle"
26,-1734774,volunteer,"assigned volunteer cleared obstacle"
30,-1734704,volunteer,"The agent should volunteer to remove the target obstacle because it has a significant evacuation impact (0.62) and there are 7 evacuees near the target obstacle. Removing this obstacle will facilitate the evacuation of multiple individuals, outweighing the travel burden and the agent's current volunteer load, which is zero."
30,-1734788,volunteer,"The agent should volunteer to remove the target obstacle because the estimated evacuation impact is significant (0.58), and there are evacuees (4) near the target obstacle who would benefit from its removal. Although the agent has a current volunteer load of 1, the evacuation impact outweighs the travel burden and current load considerations."
30,-1734830,volunteer,"The estimated evacuation impact of 0.58 indicates a significant benefit to the overall evacuation process by removing the target obstacle. Although the agent has a current volunteer load of 2, the presence of 4 evacuees near the target obstacle suggests that their removal would facilitate a safer and quicker exit for multiple individuals. The travel burden is manageable given the agent's proximity to the target obstacle and the exit."
31,-1734704,volunteer,"assigned volunteer cleared obstacle"
33,-1734788,volunteer,"assigned volunteer cleared obstacle"
33,-1734830,volunteer,"assigned volunteer cleared obstacle"
36,-1734774,volunteer,"The agent should volunteer to remove the target obstacle because the estimated evacuation impact is significant (0.65), indicating that helping to clear the path will greatly benefit the evacuation process. The travel burden is manageable as the distance to the exit is only 2, and the agent currently has no volunteer load. Therefore, volunteering aligns with prioritizing evacuation impact."
36,-1734830,volunteer,"The estimated evacuation impact of removing the target obstacle is significant (0.55), which outweighs the travel burden and the current volunteer load. By volunteering, the agent contributes positively to the evacuation process, helping to clear a path for others."
36,-1734858,volunteer,"The estimated evacuation impact of 0.63 indicates a significant benefit to removing the target obstacle, as it would facilitate the evacuation of 4 nearby evacuees. Although the agent has a current volunteer load of 2, the travel burden to the target obstacle is manageable (distance to exit is 2), making it reasonable to prioritize the evacuation impact over the current load."
36,-1734858,volunteer,"assigned volunteer cleared obstacle"
37,-1734774,volunteer,"assigned volunteer cleared obstacle"
37,-1734830,volunteer,"assigned volunteer cleared obstacle"
42,-1734830,volunteer,"The agent should volunteer to remove the target obstacle as it has a significant evacuation impact of 0.56, which outweighs the travel burden and the current volunteer load. By removing the obstacle, the agent aids in the evacuation process, benefiting both themselves and the nearby evacuee."
42,-1735334,volunteer,"The estimated evacuation impact of 0.65 indicates a significant benefit to removing the target obstacle, which is critical given that there are 9 evacuees near it. The distance to the exit is manageable at 6, and although the agent has a current volunteer load of 1, the priority of helping others in this scenario outweighs the travel burden."
42,-1735376,volunteer,"The agent should volunteer to remove the target obstacle at (12, 1) because it has a significant evacuation impact (0.67) and there are 6 evacuees near the target obstacle. Although the agent has a current volunteer load of 2, the proximity to the exit (1 unit away) and the potential to help multiple evacuees outweigh the travel burden and current load."
42,-1735334,volunteer,"assigned volunteer cleared obstacle"
43,-1735376,volunteer,"assigned volunteer cleared obstacle"
45,-1734830,volunteer,"assigned volunteer cleared obstacle"
48,-1735334,volunteer,"The agent should volunteer to remove the target obstacle at (13, 2) because it has a significant evacuation impact of 0.68 and there are 7 evacuees near the target obstacle. Removing this obstacle will facilitate the evacuation process for multiple individuals, outweighing the travel burden and the agent's current volunteer load, which is zero."
48,-1735502,volunteer,"The agent should volunteer to remove the target obstacle because it has a significant evacuation impact (0.63) and there are 5 evacuees near the target obstacle who would benefit from its removal. Although the agent has a current volunteer load of 1 and the travel burden to the target obstacle is present, the overall benefit to the evacuation process outweighs these concerns."
48,-1735516,volunteer,"The agent should volunteer to remove the target obstacle at (13, 2) because it has a significant evacuation impact (0.66) and there are 5 evacuees near the target obstacle. Removing this obstacle will facilitate the evacuation of multiple individuals, outweighing the travel burden and the current volunteer load."
48,-1735502,volunteer,"assigned volunteer cleared obstacle"
48,-1735516,volunteer,"assigned volunteer cleared obstacle"
54,-1734830,volunteer,"The agent should volunteer to remove the target obstacle because the estimated evacuation impact is significant (0.58), and there is only one evacuee near the target obstacle. Although the distance to the exit is longer for the target obstacle (7.00), the agent has no current volunteer load and can help improve the overall evacuation situation."
54,-1735516,volunteer,"The agent should volunteer to remove the target obstacle at (14, 4) because it has a significant evacuation impact (0.63) and there are 3 evacuees near the target obstacle. Removing this obstacle will facilitate the evacuation of these individuals, which is the highest priority. The distance to the exit is manageable (3), and the agent's current volunteer load (1) is not excessive, making it feasible to assist without a significant travel burden."
54,-1736216,volunteer,"The agent should volunteer to remove the target obstacle at (14, 4) because it has a significant evacuation impact of 0.62, which indicates that removing this obstacle will greatly facilitate the evacuation process for the nearby evacuees. Although the agent has a current volunteer load of 2, the evacuation impact takes precedence over the travel burden and current load, making it a beneficial decision for the overall evacuation effort."
54,-1735516,volunteer,"assigned volunteer cleared obstacle"
57,-1734830,volunteer,"assigned volunteer cleared obstacle"
60,-1734830,volunteer,"The agent should volunteer to remove the target obstacle because it has a significant evacuation impact (0.58) and there is an evacuee nearby who could benefit from the removal. The distance to the exit is manageable (3), and the agent has no current volunteer load, making it feasible to assist without a significant travel burden."
60,-1735516,volunteer,"The agent should volunteer to remove the target obstacle at (19, 1) because it has a significant evacuation impact of 0.60, which outweighs the travel burden and current volunteer load. Removing this obstacle will facilitate the evacuation of the nearby evacuee and improve overall evacuation efficiency."
62,-1734830,volunteer,"assigned volunteer cleared obstacle"
62,-1735516,volunteer,"assigned volunteer cleared obstacle"
66,-1734830,volunteer,"The agent should volunteer to remove the target obstacle because the estimated evacuation impact is significant (0.57), which indicates that assisting in the evacuation process will greatly benefit others. The travel burden is manageable with a distance to exit of 4, and the agent currently has no volunteer load, making it feasible to help without compromising their own evacuation."
68,-1734830,volunteer,"assigned volunteer cleared obstacle"
72,-1734830,volunteer,"The agent should volunteer to remove the target obstacle because it has a significant estimated evacuation impact of 0.56, which indicates that assisting in the evacuation process is crucial. Although the target obstacle is 9 units away from the exit, the agent is currently at a distance of 5 units to the exit and has no current volunteer load. By volunteering, the agent can help clear the path for the nearby evacuee, enhancing overall evacuation efficiency."
74,-1734830,volunteer,"assigned volunteer cleared obstacle"
1,-1736810,volunteer,"The agent should volunteer to remove the target obstacle because it has a significant evacuation impact (0.62) and there are 17 evacuees near the target obstacle. Removing this obstacle will facilitate the evacuation of multiple individuals, outweighing the travel burden and the current volunteer load, which is zero."
1,-1736824,volunteer,"The agent should volunteer to remove the target obstacle because it has a significant evacuation impact (0.62) and there are 4 evacuees near the target obstacle. Removing this obstacle will facilitate the evacuation process for multiple individuals, outweighing the travel burden and the current volunteer load."
1,-1736838,volunteer,"The agent should volunteer to remove the target obstacle because it has a significant evacuation impact (0.67) and there are 19 evacuees near the target obstacle. Removing the obstacle will facilitate the evacuation of a large number of people, outweighing the travel burden and the current volunteer load."
1,-1736838,volunteer,"assigned volunteer cleared obstacle"
3,-1736810,volunteer,"assigned volunteer cleared obstacle"
3,-1736824,volunteer,"assigned volunteer cleared obstacle"
6,-1736810,volunteer,"The agent should volunteer to remove the target obstacle at (21, 8) because it has a significant evacuation impact of 0.55, which indicates that removing this obstacle will greatly aid the evacuation process. Although the distance to the exit from the target obstacle is 13.00, the presence of 6 evacuees near the target obstacle suggests that their evacuation will be hindered without the agent's assistance. The agent currently has no volunteer load, making it feasible to take on this task without a significant travel burden."
6,-1736824,volunteer,"The estimated evacuation impact of 0.72 indicates a significant benefit to the overall evacuation process by removing the target obstacle. Although the agent has a current volunteer load of 1 and the travel burden to the target obstacle is not negligible, the high number of evacuees (20) near the target obstacle and the distance to exit (4) suggest that assisting in the removal will facilitate a smoother evacuation for many individuals, outweighing the agent's personal burden."
6,-1736838,volunteer,"The estimated evacuation impact of 0.65 indicates that removing the target obstacle will significantly aid in the evacuation process, especially with 11 evacuees near the target obstacle. Although the agent has a current volunteer load of 2 and a distance to exit of 11, the high number of evacuees affected and the potential to clear a path outweighs the travel burden and current load."
7,-1736838,volunteer,"assigned volunteer cleared obstacle"
8,-1736810,volunteer,"assigned volunteer cleared obstacle"
9,-1736824,volunteer,"assigned volunteer cleared obstacle"
12,-1736810,volunteer,"The estimated evacuation impact of 0.66 indicates that removing the target obstacle will significantly aid in the evacuation process. The agent is currently not overloaded with volunteer duties (current_volunteers: 0), and the travel burden to the target obstacle is manageable given the distance to exit (8) and the proximity of the target obstacle (5). Therefore, volunteering to remove the obstacle is the best decision for maximizing evacuation efficiency."
12,-1736824,volunteer,"The estimated evacuation impact of 0.75 indicates that removing the target obstacle will significantly aid in the evacuation process, especially with 21 evacuees near the target obstacle. The travel burden is minimal as the distance to the exit remains the same at 4.00 after removing the obstacle. Although the agent currently has 1 volunteer load, the high impact on evacuation justifies the decision to volunteer."
12,-1736838,volunteer,"The agent should volunteer to remove the target obstacle at (3, 10) because it has a significant evacuation impact (0.68) with 14 evacuees nearby. The distance to the exit from the target obstacle is relatively short (6.00), which indicates that removing it will facilitate the evacuation of multiple individuals. Although the agent has a current volunteer load of 2, the high evacuation impact outweighs the travel burden and current load."
12,-1736838,volunteer,"assigned volunteer cleared obstacle"
13,-1736810,volunteer,"assigned volunteer cleared obstacle"
14,-1736824,volunteer,"assigned volunteer cleared obstacle"
18,-1736810,volunteer,"The agent should volunteer to remove the target obstacle at (27, 11) because it has a significant evacuation impact of 0.67, which indicates that removing this obstacle will greatly facilitate the evacuation of 9 nearby evacuees. The distance to the exit is only 4.00 from the target obstacle, making it a critical point for evacuation. Additionally, the agent has no current volunteer load, making it feasible for them to assist without an excessive travel burden."
18,-1736824,volunteer,"The agent should volunteer to remove the target obstacle because it has a significant evacuation impact (0.64) and there are 5 evacuees near the target obstacle. Removing it will facilitate their escape, outweighing the travel burden and the current volunteer load."
18,-1736838,volunteer,"The estimated evacuation impact of 0.76 is significant, indicating that removing the target obstacle will greatly aid in the evacuation process. The distance to the exit is only 5, and the target obstacle is very close (1.00) with 18 evacuees nearby, suggesting that clearing it will facilitate a smoother evacuation for many. Although the agent currently has 2 volunteers, the high impact on evacuation outweighs the travel burden and current load."
19,-1736810,volunteer,"assigned volunteer cleared obstacle"
19,-1736838,volunteer,"assigned volunteer cleared obstacle"
21,-1736824,volunteer,"assigned volunteer cleared obstacle"
24,-1736810,volunteer,"The agent should volunteer to remove the target obstacle because it has a significant evacuation impact (0.56) and there are evacuees nearby (3) who would benefit from the removal. The distance to the exit (6) is manageable, and the agent has no current volunteer load, making it feasible to assist without a significant travel burden."
24,-1736824,volunteer,"The agent should volunteer to remove the target obstacle because it has a significant evacuation impact (0.59) and there is only one evacuee near the target obstacle. The distance to the exit is minimal (1), and the agent's current volunteer load is manageable (1). Removing the obstacle will facilitate the evacuation process for the nearby evacuee."
24,-1736852,volunteer,"The agent should volunteer to remove the target obstacle at (7, 12) because it has a significant evacuation impact of 0.62, which indicates that clearing this obstacle will greatly benefit the evacuation process. Although the distance to the exit is 7 and the agent has a current volunteer load of 2, the high number of evacuees (8) near the target obstacle and the potential improvement in evacuation efficiency outweigh the travel burden and current load considerations."
24,-1736852,volunteer,"assigned volunteer cleared obstacle"
26,-1736810,volunteer,"assigned volunteer cleared obstacle"
27,-1736824,volunteer,"assigned volunteer cleared obstacle"
30,-1736852,volunteer,"The agent should volunteer to remove the target obstacle at (4, 15) because it has a significant evacuation impact (0.70) and there are 14 evacuees near the target obstacle. The distance to exit is only 3, and the agent has no current volunteer load, making it feasible to assist without a significant travel burden."
30,-1736866,volunteer,"The estimated evacuation impact of 0.65 indicates a significant benefit to removing the target obstacle, especially since there are 10 evacuees near it. Although the agent has a current volunteer load of 1, the potential positive impact on the evacuation process outweighs the travel burden and current load."
30,-1736936,volunteer,"The estimated evacuation impact of 0.69 indicates a significant benefit to the overall evacuation effort by removing the target obstacle. Although the agent has a current volunteer load of 2, the proximity to the exit (2 units away) and the presence of 13 evacuees near the target obstacle suggest that assisting in its removal will facilitate a quicker evacuation for many. The travel burden is manageable given the circumstances."
30,-1736852,volunteer,"assigned volunteer cleared obstacle"
32,-1736866,volunteer,"assigned volunteer cleared obstacle"
36,-1736810,volunteer,"The agent should volunteer to remove the target obstacle because it has a significant evacuation impact (0.53) and there is only one evacuee near the target obstacle. Removing the obstacle will facilitate the exit for the evacuee and improve overall evacuation efficiency. The travel burden is manageable with a distance to exit of 7, and the agent currently has no volunteer load."
36,-1736852,volunteer,"The agent should volunteer to remove the target obstacle because it has a significant evacuation impact (0.65) and there are 7 evacuees near the target obstacle. Although the agent has a current volunteer load of 1, the distance to exit is only 1, making the travel burden manageable. Removing the obstacle will facilitate the evacuation of multiple individuals, which is a priority."
36,-1736866,volunteer,"The estimated evacuation impact of 0.58 indicates a significant benefit to removing the target obstacle, which is crucial given the presence of 3 evacuees near it. Although the agent has a current volunteer load of 2, the travel burden is manageable with a distance to exit of 4. Prioritizing evacuation impact, the agent should volunteer to help clear the obstacle."
37,-1736852,volunteer,"assigned volunteer cleared obstacle"
39,-1736810,volunteer,"assigned volunteer cleared obstacle"
39,-1736866,volunteer,"assigned volunteer cleared obstacle"
42,-1736866,volunteer,"The agent should volunteer to remove the target obstacle because doing so will directly impact the evacuation process positively by clearing a path for evacuees. The evacuation impact is significant (0.58), and while there are nearby obstacles, the agent's current volunteer load is zero, making it feasible to assist without a heavy travel burden."
42,-1737370,volunteer,"The agent should volunteer to remove the target obstacle because it has a significant evacuation impact (0.62) and there are evacuees near the target obstacle (2). The distance to the exit is only 1, indicating that the agent can quickly return after removing the obstacle. The current volunteer load is manageable with only 1 volunteer, and the travel burden is minimal given the proximity to the exit."
42,-1737580,selfish,"The estimated evacuation impact of removing the target obstacle is 0.55, which is moderate. However, the distance to the exit is already 7, and the target obstacle is 10 units away from the exit, making it less critical to remove it. Additionally, the agent already has a current volunteer load of 2, and with 60 nearby obstacles, the travel burden to remove the target obstacle outweighs the benefits of volunteering. Therefore, it is more strategic for the agent to remain selfish."
43,-1736866,volunteer,"assigned volunteer cleared obstacle"
43,-1737370,volunteer,"assigned volunteer cleared obstacle"
48,-1736810,volunteer,"The agent should volunteer to remove the target obstacle because it has a significant evacuation impact (0.52) and there is only one evacuee near the target obstacle. Removing the obstacle will facilitate the evacuation process, outweighing the travel burden and the current volunteer load, which is zero."
48,-1736852,volunteer,"The agent should volunteer to remove the target obstacle because it has a significant evacuation impact (0.59) and there are evacuees near the target obstacle (4). Although the distance to the exit is 3 and the agent has a current volunteer load of 1, the potential benefit of assisting in the evacuation outweighs the travel burden and current load."
48,-1737580,selfish,"The estimated evacuation impact of removing the target obstacle is 0.57, which is not significant enough to outweigh the travel burden of moving to the target obstacle (8, 14) that is 8 units away. Additionally, the agent already has a current volunteer load of 2, which further complicates the decision to volunteer."
50,-1736810,volunteer,"assigned volunteer cleared obstacle"
51,-1736852,volunteer,"assigned volunteer cleared obstacle"
54,-1736810,volunteer,"The agent should volunteer to remove the target obstacle because it has a significant evacuation impact (0.53) and there is only one evacuee near the target obstacle. Removing the obstacle will facilitate the evacuation process, outweighing the travel burden and the current volunteer load, which is zero."
54,-1736852,selfish,"The estimated evacuation impact of removing the target obstacle is 0.58, which is not significant enough to justify the travel burden of 7.00 to the exit. Additionally, the agent already has a current volunteer load of 1, which may hinder their ability to assist effectively."
54,-1737440,volunteer,"The agent should volunteer to remove the target obstacle because it has a significant evacuation impact (0.59) and there is only one evacuee near the target obstacle. Although the agent has a current volunteer load of 1, the distance to the exit is very short (2), and the travel burden to remove the obstacle is manageable. Prioritizing evacuation impact, the agent's action will facilitate the evacuation process."
56,-1736810,volunteer,"assigned volunteer cleared obstacle"
56,-1737440,volunteer,"assigned volunteer cleared obstacle"
60,-1736810,volunteer,"The agent should volunteer to remove the target obstacle because it has a significant evacuation impact (0.55) and there is only one evacuee near the target obstacle. Removing the obstacle will facilitate the evacuation process for that evacuee, outweighing the travel burden and the current volunteer load, which is zero."
60,-1737440,selfish,"The agent should remain selfish because the estimated evacuation impact of removing the target obstacle (0.57) does not outweigh the travel burden of moving to the target obstacle (distance to exit is 3, and the target obstacle is 8 away). Additionally, the agent already has a current volunteer load of 1, which may hinder their ability to evacuate efficiently."
60,-1737636,selfish,"The agent should remain selfish because the estimated evacuation impact of 0.57 is not significant enough to outweigh the travel burden of moving to the target obstacle, which is 8 units away from the exit. Additionally, the agent already has a current volunteer load of 1, which suggests that their capacity to assist is limited."
63,-1736810,volunteer,"assigned volunteer cleared obstacle"
66,-1736810,volunteer,"The agent should volunteer to remove the target obstacle because it has a significant evacuation impact (0.55) and there is only one evacuee near the target obstacle. Removing the obstacle will facilitate the evacuation process for that evacuee and improve overall evacuation efficiency. The travel burden is manageable, and the agent currently has no volunteer load."
66,-1737636,volunteer,"The agent should volunteer to remove the target obstacle because it has a significant evacuation impact (0.59) and there is only one evacuee near the target obstacle. Although the distance to the exit is longer (6.00) for the obstacle, the overall evacuation benefit outweighs the travel burden and current volunteer load."
68,-1736810,volunteer,"assigned volunteer cleared obstacle"
68,-1737636,volunteer,"assigned volunteer cleared obstacle"
1,-1738916,volunteer,"The estimated evacuation impact of 0.65 indicates a significant benefit to the overall evacuation process by removing the target obstacle. Although the distance to the exit is 10 and the target obstacle is 12 away, the presence of 20 evacuees near the target obstacle suggests that their evacuation would be greatly facilitated. The agent has no current volunteer load, making it feasible to assist without an additional travel burden."
1,-1738930,volunteer,"The estimated evacuation impact of removing the target obstacle (0.69) is significant, as it affects 25 evacuees nearby. Although the agent has a current volunteer load of 1 and the distance to the exit is 11, the high impact on evacuation outweighs the travel burden and current load. Therefore, volunteering to remove the obstacle is the best decision."
1,-1738944,volunteer,"The estimated evacuation impact of 0.68 indicates that removing the target obstacle will significantly aid in the evacuation process, especially with 19 evacuees near the target obstacle. Although the agent has a current volunteer load of 2, the high evacuation impact outweighs the travel burden and current load considerations."
1,-1738916,volunteer,"assigned volunteer cleared obstacle"
1,-1738944,volunteer,"assigned volunteer cleared obstacle"
5,-1738930,volunteer,"assigned volunteer cleared obstacle"
6,-1738916,volunteer,"The agent should volunteer to remove the target obstacle because it has a significant evacuation impact (0.61) and there are 14 evacuees near the target obstacle. Although the distance to the exit is greater for the target obstacle (12.00), the potential benefit to the overall evacuation outweighs the travel burden and the agent currently has no volunteer load."
6,-1738930,volunteer,"The estimated evacuation impact of 0.64 indicates a significant benefit to removing the target obstacle, especially with 14 evacuees nearby. Although the agent has a current volunteer load of 1, the potential positive impact on the evacuation process outweighs the travel burden and current load."
6,-1738944,selfish,"The estimated evacuation impact of removing the target obstacle is relatively low (0.59), and the distance to the exit is already manageable at 7. Additionally, the agent has a current volunteer load of 2, which suggests they are already contributing significantly. Given the high number of nearby obstacles (77) and the distance of the target obstacle from the exit (10), it is more beneficial for the agent to prioritize their own evacuation rather than take on additional burdens."
7,-1738916,volunteer,"assigned volunteer cleared obstacle"
8,-1738930,volunteer,"assigned volunteer cleared obstacle"
12,-1738916,volunteer,"The agent should volunteer to remove the target obstacle because it has a significant evacuation impact (0.73) and there are 20 evacuees near the target obstacle. Removing this obstacle will facilitate the evacuation of a large number of people, outweighing the travel burden and the current volunteer load, which is zero."
12,-1738930,volunteer,"The estimated evacuation impact of 0.56 indicates that removing the target obstacle will significantly aid in the evacuation process. Although the agent has a current volunteer load of 1 and is positioned near the target obstacle, the presence of 7 evacuees near the target obstacle highlights the urgency of the situation. Volunteering to remove the obstacle will facilitate the escape of multiple evacuees, outweighing the travel burden and current volunteer load."
12,-1738944,volunteer,"The agent should volunteer to remove the target obstacle because it is located close to the exit (2.00 distance), which will significantly aid the evacuation of 13 nearby evacuees. The evacuation impact is high (0.72), indicating that this action will greatly benefit the overall evacuation effort. Although the agent has a current volunteer load of 2, the positive impact on evacuation outweighs the travel burden and current load considerations."
12,-1738930,volunteer,"assigned volunteer cleared obstacle"
14,-1738916,volunteer,"assigned volunteer cleared obstacle"
14,-1738944,volunteer,"assigned volunteer cleared obstacle"
18,-1738916,volunteer,"The estimated evacuation impact of 0.78 indicates a significant benefit to removing the target obstacle, which is crucial given the high number of evacuees (26) near it. The distance to the exit (6) is manageable, and the agent currently has no volunteer load, making it feasible to assist without a heavy travel burden."
18,-1738930,volunteer,"The agent should volunteer to remove the target obstacle because the estimated evacuation impact is significant (0.66) and there are 14 evacuees near the target obstacle. Removing the obstacle will facilitate the evacuation of these individuals, which is a priority. The travel burden is manageable as the distance to the target obstacle is only 2 units away, and the agent's current volunteer load is low (1). Therefore, the benefits of volunteering outweigh the costs."
18,-1738944,volunteer,"The estimated evacuation impact of 0.62 indicates that removing the target obstacle will significantly aid in the evacuation process. Although the agent has a current volunteer load of 2, the presence of 6 evacuees near the target obstacle and the relatively short distance to the exit (5) suggest that the benefits of volunteering outweigh the travel burden. Therefore, the agent should volunteer to remove the target obstacle."
19,-1738930,volunteer,"assigned volunteer cleared obstacle"
19,-1738944,volunteer,"assigned volunteer cleared obstacle"
21,-1738916,volunteer,"assigned volunteer cleared obstacle"
24,-1738916,volunteer,"The estimated evacuation impact of 0.69 is significant, indicating that removing the target obstacle will greatly aid in the evacuation process. The agent is currently not burdened with any volunteer load and the travel burden to the target obstacle is manageable, as it is only 2 units away. Given the high number of evacuees (14) near the target obstacle, volunteering will facilitate a quicker evacuation for a larger group."
24,-1738930,selfish,"The agent should remain selfish because the estimated evacuation impact of removing the target obstacle (0.53) does not significantly outweigh the travel burden and the current volunteer load. The agent is already at a distance of 10 from the exit and has a current volunteer load of 1, which suggests that volunteering may not be beneficial given the high number of nearby obstacles (69) and the distance to the target obstacle (12)."
24,-1738944,volunteer,"The estimated evacuation impact of 0.75 indicates that removing the target obstacle will significantly aid the evacuation process, especially with 17 evacuees nearby. The distance to the exit is only 3, and the target obstacle is just 1 unit away from the exit, making it a critical point to address. Although the agent currently has 1 volunteer load, the high impact on evacuation outweighs the travel burden and current load."
25,-1738916,volunteer,"assigned volunteer cleared obstacle"
26,-1738944,volunteer,"assigned volunteer cleared obstacle"
30,-1738916,volunteer,"The agent should volunteer to remove the target obstacle because it has a significant evacuation impact (0.60) and there are evacuees (5) near the target obstacle. Removing the obstacle will facilitate their escape, outweighing the travel burden and the agent's current volunteer load (0)."
30,-1738930,volunteer,"The agent should volunteer to remove the target obstacle because it has a significant evacuation impact (0.58) and there are evacuees (3) near the target obstacle. Although the distance to the exit is longer (8.00) for the target obstacle, the overall benefit of facilitating the evacuation for others outweighs the travel burden and the current volunteer load (1)."
30,-1739014,volunteer,"The agent should volunteer to remove the target obstacle because it is located only 1 unit away from the exit and there are 20 evacuees near it. The estimated evacuation impact is high (0.77), indicating that removing this obstacle will significantly aid in the evacuation process. Although the agent has a current volunteer load of 2, the urgency of the situation and the potential benefit to many evacuees outweigh the travel burden involved in removing the obstacle."
30,-1739014,volunteer,"assigned volunteer cleared obstacle"
32,-1738916,volunteer,"assigned volunteer cleared obstacle"
32,-1738930,volunteer,"assigned volunteer cleared obstacle"
36,-1738916,volunteer,"The estimated evacuation impact of 0.53 indicates a significant benefit to the overall evacuation effort by removing the target obstacle. Although the distance to the target obstacle is 12.00, the agent has no current volunteer load and can contribute positively to the evacuation process. Prioritizing evacuation impact over travel burden and current load supports the decision to volunteer."
36,-1738930,volunteer,"The agent should volunteer to remove the target obstacle because it has a significant evacuation impact (0.57) and there are evacuees near the target obstacle (3). Although the distance to the exit is longer for the target obstacle (9.00), the overall benefit to the evacuation process outweighs the travel burden and the current volunteer load is manageable."
36,-1739056,volunteer,"The agent should volunteer to remove the target obstacle at (12, 2) because it has a significant evacuation impact of 0.66, which indicates that removing this obstacle will greatly facilitate the evacuation of 6 nearby evacuees. Although the agent has a current volunteer load of 2, the evacuation impact takes precedence over the travel burden and current load. The distance to the exit is also manageable at 3.00, making it feasible for the agent to assist."
36,-1739056,volunteer,"assigned volunteer cleared obstacle"
38,-1738930,volunteer,"assigned volunteer cleared obstacle"
39,-1738916,volunteer,"assigned volunteer cleared obstacle"
42,-1738916,volunteer,"The agent should volunteer to remove the target obstacle because it has a significant evacuation impact (0.52) and there is only one evacuee near the target obstacle. Although the distance to the exit is longer for the target obstacle (13.00), the overall benefit of facilitating evacuation outweighs the travel burden and the agent's current volunteer load (0)."
42,-1738930,volunteer,"The agent should volunteer to remove the target obstacle because it is located close to the exit (3.00 distance) and there are 3 evacuees near it. This action will significantly improve the evacuation impact (0.64), outweighing the travel burden and the current volunteer load."
42,-1739056,selfish,"The agent should remain selfish because the target obstacle has a significant distance to the exit (4.00), and there are already 2 nearby evacuees. The evacuation impact is moderate (0.62), but the agent's current volunteer load (2) and the travel burden to the target obstacle outweigh the potential benefits of volunteering."
45,-1738916,volunteer,"assigned volunteer cleared obstacle"
45,-1738930,volunteer,"assigned volunteer cleared obstacle"
48,-1738916,volunteer,"The estimated evacuation impact of 0.53 indicates a significant benefit to the overall evacuation process by removing the target obstacle. Although the distance to the exit is 10 and the target obstacle is 12 away, the presence of 1 evacuee near the target obstacle suggests that their evacuation could be facilitated by the agent's action. With no current volunteer load, the agent can afford to assist without a significant travel burden."
48,-1738930,volunteer,"The agent should volunteer to remove the target obstacle because it has a significant evacuation impact (0.62) and there is only one evacuee near the target obstacle. Removing the obstacle will facilitate the exit for the evacuee and reduce the overall evacuation time. The travel burden is manageable with a distance of 3.00 to the exit after removing the obstacle, and the current volunteer load is low with only 1 volunteer."
48,-1740036,volunteer,"The estimated evacuation impact of 0.63 indicates that removing the target obstacle will significantly aid in the evacuation process. The agent is only 2 units away from the exit and has a manageable current volunteer load of 2, which suggests that the travel burden is acceptable. Therefore, volunteering to remove the target obstacle is the best decision for maximizing evacuation efficiency."
48,-1740036,volunteer,"assigned volunteer cleared obstacle"
51,-1738916,volunteer,"assigned volunteer cleared obstacle"
51,-1738930,volunteer,"assigned volunteer cleared obstacle"
54,-1738916,volunteer,"The agent should volunteer to remove the target obstacle because it has a significant evacuation impact (0.54) and there is only one evacuee near the target obstacle. Removing this obstacle will facilitate the evacuation process, outweighing the travel burden and the current volunteer load, which is zero."
54,-1738930,volunteer,"The estimated evacuation impact of 0.60 indicates that removing the target obstacle will significantly aid in the evacuation process. Although the agent has a current volunteer load of 1 and is an evacuee, the proximity to the exit (3 units away) and the presence of 1 evacuee near the target obstacle suggest that volunteering to remove it will facilitate a quicker evacuation for others, outweighing the travel burden and current load."
54,-1740050,volunteer,"The agent should volunteer to remove the target obstacle because the estimated evacuation impact is significant (0.60), indicating that removing the obstacle will greatly aid in the evacuation process. Although the agent has a current volunteer load of 2, the travel burden is minimal as the distance to the exit is only 1. The presence of 1 evacuee near the target obstacle further emphasizes the need for action to facilitate their escape."
56,-1738916,volunteer,"assigned volunteer cleared obstacle"
56,-1738930,volunteer,"assigned volunteer cleared obstacle"
56,-1740050,volunteer,"assigned volunteer cleared obstacle"
60,-1738930,volunteer,"The agent should volunteer to remove the target obstacle because it has a significant evacuation impact (0.61) and there is only one evacuee near the target obstacle. The distance to the exit is short (2), and the agent has no current volunteer load, making it feasible to assist without a significant travel burden."
60,-1740050,volunteer,"The estimated evacuation impact of 0.59 indicates a significant benefit to the overall evacuation process by removing the target obstacle. Although the agent has a current volunteer load of 1 and is an evacuee, the positive impact on evacuation outweighs the travel burden and current load. The agent is positioned close to the exit and can contribute effectively to the evacuation effort."
60,-1738930,volunteer,"assigned volunteer cleared obstacle"
61,-1740050,volunteer,"assigned volunteer cleared obstacle"
66,-1740050,volunteer,"The agent should volunteer to remove the target obstacle because it has a significant evacuation impact (0.57) and there is only one evacuee near the target obstacle. Although the distance to the target obstacle is greater than the distance to the exit, the potential benefit of facilitating evacuation outweighs the travel burden and the agent's current volunteer load is zero."
67,-1740050,volunteer,"assigned volunteer cleared obstacle"
1,-1741022,volunteer,"The agent should volunteer to remove the target obstacle at (14, 19) because it has a significant evacuation impact (0.69) with 22 evacuees nearby. The distance to the exit is manageable at 10.00, and the agent has no current volunteer load, making it feasible to assist in the evacuation."
1,-1741036,volunteer,"The agent should volunteer to remove the target obstacle because the estimated evacuation impact is significant (0.68), indicating that assisting in the removal will greatly benefit the overall evacuation effort. Although there are 80 nearby obstacles and the agent has a current volunteer load of 1, the high number of evacuees (17) near the target obstacle and the relatively short distance to exit (7) suggest that the positive impact on evacuation outweighs the travel burden and current volunteer load."
1,-1741050,volunteer,"The estimated evacuation impact of 0.68 is significant, indicating that removing the target obstacle will greatly aid in the evacuation process. Although the agent has a current volunteer load of 2, the high number of evacuees (25) near the target obstacle and the distance to exit (13) suggest that assisting in obstacle removal will facilitate a quicker evacuation for many individuals, outweighing the travel burden and current volunteer load."
1,-1741022,volunteer,"assigned volunteer cleared obstacle"
1,-1741036,volunteer,"assigned volunteer cleared obstacle"
1,-1741050,volunteer,"assigned volunteer cleared obstacle"
6,-1741022,volunteer,"The agent should volunteer to remove the target obstacle because the estimated evacuation impact is significant (0.62), indicating that assisting in this situation will greatly benefit the overall evacuation process. Additionally, the agent has no current volunteer load, making it feasible to help without adding a travel burden."
6,-1741036,volunteer,"The agent should volunteer to remove the target obstacle at (12, 22) because it has a significant evacuation impact (0.66) with 15 evacuees nearby. Although the target obstacle is 8 units from the exit, the potential benefit of facilitating the evacuation for multiple evacuees outweighs the travel burden and the current volunteer load."
6,-1741050,volunteer,"The estimated evacuation impact of 0.61 indicates that removing the target obstacle will significantly aid in the evacuation process, especially with 12 evacuees near the target obstacle. Although the agent has a current volunteer load of 2, the high number of nearby obstacles (77) and the proximity to the exit (11 units) suggest that assisting in removing the target obstacle is crucial for the overall evacuation effort."
6,-1741022,volunteer,"assigned volunteer cleared obstacle"
8,-1741036,volunteer,"assigned volunteer cleared obstacle"
12,-1741022,volunteer,"The agent should volunteer to remove the target obstacle at (12, 16) because it has a significant evacuation impact (0.56) due to the presence of 7 evacuees nearby. Removing this obstacle will facilitate the evacuation process, outweighing the travel burden and the current volunteer load, which is zero."
12,-1741036,volunteer,"The estimated evacuation impact of 0.65 indicates a significant benefit to the overall evacuation process by removing the target obstacle. Although there are 75 nearby obstacles and the agent has a current volunteer load of 1, the high number of evacuees (14) near the target obstacle and its distance to exit (9.00) suggest that removing it will greatly facilitate the evacuation for many. The travel burden is manageable given the agent's proximity to the target obstacle."
12,-1741050,volunteer,"The estimated evacuation impact of 0.64 indicates a significant benefit to removing the target obstacle, as there are 13 evacuees near it. The travel burden is manageable with a distance of 9.00 to the exit, and the current volunteer load of 2 is not excessive given the potential positive outcome for many evacuees."
12,-1741022,volunteer,"assigned volunteer cleared obstacle"
12,-1741050,volunteer,"assigned volunteer cleared obstacle"
18,-1741022,volunteer,"The agent should volunteer to remove the target obstacle because it has a significant evacuation impact (0.66) and there are 16 evacuees near the target obstacle. Removing it will facilitate the evacuation process for a larger number of individuals, outweighing the travel burden and current volunteer load, which is zero."
18,-1741036,volunteer,"The agent should volunteer to remove the target obstacle because it has a significant evacuation impact (0.58) and there are 6 evacuees near the target obstacle. Although the agent has a current volunteer load of 1, the evacuation impact outweighs the travel burden and current load considerations."
18,-1741050,volunteer,"The estimated evacuation impact of removing the target obstacle is significant (0.58), which outweighs the travel burden and the current volunteer load. By volunteering, the agent can facilitate the evacuation of 5 nearby evacuees, making it a priority to assist in the evacuation process."
18,-1741022,volunteer,"assigned volunteer cleared obstacle"
20,-1741036,volunteer,"assigned volunteer cleared obstacle"
24,-1741022,volunteer,"The agent should volunteer to remove the target obstacle at (7, 14) because it has a significant evacuation impact of 0.71, which indicates that removing this obstacle will greatly facilitate the evacuation of 21 nearby evacuees. The travel burden is manageable as the distance to the exit remains the same at 7, and the agent currently has no volunteer load. Therefore, the decision to volunteer aligns with the priority of maximizing evacuation impact."
24,-1741036,volunteer,"The estimated evacuation impact of 0.73 indicates a significant benefit to removing the target obstacle, as it would help 17 evacuees nearby. The distance to the exit is only 5, and the travel burden is manageable. Although the agent currently has 1 volunteer load, the high impact on evacuation justifies the decision to volunteer."
24,-1741050,volunteer,"The agent should volunteer to remove the target obstacle because the estimated evacuation impact is high (0.72), indicating that assisting in the evacuation will significantly benefit others. The travel burden is manageable with a distance to exit of 4 and a target obstacle distance of 3. Additionally, the current volunteer load of 2 is not excessive compared to the potential positive impact on 16 nearby evacuees."
24,-1741022,volunteer,"assigned volunteer cleared obstacle"
25,-1741050,volunteer,"assigned volunteer cleared obstacle"
30,-1741022,volunteer,"The agent should volunteer to remove the target obstacle at (7, 13) because it has a significant evacuation impact (0.67) with 14 evacuees nearby. Although the distance to the exit is 6 and the target obstacle is 7 away, the high number of evacuees near the obstacle indicates that removing it will facilitate a greater overall evacuation. The agent has no current volunteer load, making it feasible to assist."
30,-1741036,volunteer,"The agent should volunteer to remove the target obstacle because it has a significant evacuation impact (0.71) and there are 12 evacuees near the target obstacle. The distance to the exit is only 2, indicating that removing the obstacle could facilitate a quicker evacuation for many individuals. Although the agent currently has 1 volunteer load, the high number of evacuees affected and the potential positive impact on the evacuation outweigh the travel burden."
30,-1741050,volunteer,"The agent should volunteer to remove the target obstacle because the estimated evacuation impact is high (0.70) and there are 11 evacuees near the target obstacle. Removing this obstacle will significantly aid in the evacuation process. The travel burden is minimal as the distance to the exit is only 2, and the current volunteer load of 2 is manageable given the high impact of assisting in this scenario."
30,-1741022,volunteer,"assigned volunteer cleared obstacle"
31,-1741050,volunteer,"assigned volunteer cleared obstacle"
36,-1741022,volunteer,"The agent should volunteer to remove the target obstacle at (3, 12) because it has a significant evacuation impact of 0.71, which indicates that removing this obstacle will greatly aid the evacuation of 15 nearby evacuees. The distance to the exit is manageable at 6, and the agent currently has no volunteer load, making it feasible to assist without a heavy travel burden."
36,-1741148,volunteer,"The estimated evacuation impact of 0.65 indicates that removing the target obstacle will significantly aid in the evacuation process. The agent is close to the exit (3 units away) and has a manageable current volunteer load (1). Although there are many nearby obstacles, the presence of 5 evacuees near the target obstacle suggests that their removal will facilitate the evacuation of multiple individuals, making it a priority to volunteer."
36,-1741232,volunteer,"The agent should volunteer to remove the target obstacle at (24, 15) because it has a significant evacuation impact (0.66) with 9 evacuees near the target obstacle. The distance to the exit is manageable (5.00), and although the agent has 2 current volunteers, the overall benefit to the evacuation process outweighs the travel burden."
36,-1741022,volunteer,"assigned volunteer cleared obstacle"
36,-1741148,volunteer,"assigned volunteer cleared obstacle"
36,-1741232,volunteer,"assigned volunteer cleared obstacle"
42,-1741022,volunteer,"The agent should volunteer to remove the target obstacle because it has a significant evacuation impact (0.65) and there are 7 evacuees near the target obstacle. Removing this obstacle will facilitate the evacuation of multiple individuals, outweighing the travel burden and the current volunteer load, which is zero."
42,-1741232,volunteer,"The estimated evacuation impact of 0.64 indicates a significant benefit to removing the target obstacle, which is crucial given that there are 4 evacuees near it. The distance to the exit is only 5, and the target obstacle is 3 away from the exit, making it feasible to remove it without a substantial travel burden. The current volunteer load of 1 is manageable, allowing the agent to assist without overextending themselves."
42,-1741260,volunteer,"The agent should volunteer to remove the target obstacle because it has a significant evacuation impact (0.65) and there are evacuees (3) near the target obstacle. The distance to the exit (3) is manageable, and the travel burden is outweighed by the potential benefit of facilitating the evacuation for others."
43,-1741232,volunteer,"assigned volunteer cleared obstacle"
44,-1741022,volunteer,"assigned volunteer cleared obstacle"
44,-1741260,volunteer,"assigned volunteer cleared obstacle"
48,-1741232,volunteer,"The agent should volunteer to remove the target obstacle because it has a significant evacuation impact (0.63) and there are evacuees near the target obstacle. The distance to the exit is manageable (3), and the agent currently has no volunteer load, making it feasible to assist in this situation."
48,-1741414,volunteer,"The agent should volunteer to remove the target obstacle because the estimated evacuation impact is significant (0.62), and there is only one evacuee near the target obstacle. Although the agent has a current volunteer load of 1, the distance to the exit is only 2, making the travel burden manageable. Prioritizing evacuation impact, the agent's action will facilitate the evacuation process."
48,-1741484,volunteer,"The estimated evacuation impact of 0.59 indicates a significant benefit to removing the target obstacle, which is crucial for the evacuation process. Although the agent has a current volunteer load of 2, the proximity to the exit (2 units away) and the presence of only 1 nearby evacuee suggest that the travel burden is manageable. Therefore, volunteering to remove the target obstacle is the best choice to enhance overall evacuation efforts."
49,-1741414,volunteer,"assigned volunteer cleared obstacle"
51,-1741484,volunteer,"assigned volunteer cleared obstacle"
54,-1741022,volunteer,"The agent should volunteer to remove the target obstacle because it has a significant evacuation impact (0.59) and there is only one evacuee near the target obstacle. The distance to the exit is manageable (2), and the agent has no current volunteer load, making it feasible to assist in the evacuation process."
54,-1741484,selfish,"The estimated evacuation impact of removing the target obstacle is 0.58, which is relatively low compared to the travel burden of 7.00 to the exit. Additionally, the agent already has a current volunteer load of 1, which may hinder their ability to assist effectively. Therefore, it is more beneficial for the agent to prioritize their own evacuation."
54,-1741568,volunteer,"The estimated evacuation impact of 0.63 indicates a significant benefit to removing the target obstacle. The agent is only 2 units away from the exit and has a manageable current volunteer load of 1. Volunteering to remove the target obstacle will facilitate the evacuation process for the nearby evacuee, outweighing the travel burden and current volunteer load."
54,-1741568,volunteer,"assigned volunteer cleared obstacle"
56,-1741022,volunteer,"assigned volunteer cleared obstacle"
1,-1743128,volunteer,"The agent should volunteer to remove the target obstacle because it has a significant evacuation impact (0.62) and there are 7 evacuees near the target obstacle. Removing this obstacle will facilitate the evacuation of multiple individuals, outweighing the travel burden and the agent's current volunteer load, which is zero."
1,-1743142,volunteer,"The estimated evacuation impact of 0.65 indicates a significant benefit to removing the target obstacle, which is crucial given that there are 19 evacuees near it. Although the agent has a current volunteer load of 1, the potential positive impact on the evacuation process outweighs the travel burden and current load."
1,-1743156,volunteer,"The estimated evacuation impact of removing the target obstacle is significant (0.62), which indicates that it would greatly benefit the overall evacuation effort. Although the agent has a current volunteer load of 2 and there are 18 evacuees near the target obstacle, the high number of nearby obstacles (80) suggests that addressing this one could facilitate the evacuation of many. The travel burden is manageable given the agent's proximity to the target obstacle (distance of 2). Therefore, volunteering to remove the obstacle is the best decision for maximizing evacuation efficiency."
1,-1743156,volunteer,"assigned volunteer cleared obstacle"
2,-1743128,volunteer,"assigned volunteer cleared obstacle"
3,-1743142,volunteer,"assigned volunteer cleared obstacle"
6,-1743128,volunteer,"The agent should volunteer to remove the target obstacle because it has a significant evacuation impact (0.70) and there are 15 evacuees near the target obstacle. The distance to exit is manageable (4), and the agent has no current volunteer load, making it feasible to assist without a heavy travel burden."
6,-1743142,volunteer,"The estimated evacuation impact of 0.61 indicates that removing the target obstacle will significantly aid the evacuation process, especially with 14 evacuees nearby. Although the agent has a distance of 12.00 to the exit from the target obstacle, the overall benefit to the evacuation outweighs the travel burden and the current volunteer load of 1."
6,-1743156,volunteer,"The estimated evacuation impact of 0.59 indicates a significant benefit to removing the target obstacle, as it affects 14 evacuees. Although the agent has a current volunteer load of 2 and is positioned 11 units from the exit, the potential positive impact on the evacuation process outweighs the travel burden and current load."
6,-1743128,volunteer,"assigned volunteer cleared obstacle"
8,-1743142,volunteer,"assigned volunteer cleared obstacle"
8,-1743156,volunteer,"assigned volunteer cleared obstacle"
12,-1743142,volunteer,"The agent should volunteer to remove the target obstacle because it has a significant evacuation impact (0.67) and there are 15 evacuees near the target obstacle. Removing the obstacle will facilitate the evacuation of multiple individuals, outweighing the travel burden and the current volunteer load, which is zero."
12,-1743156,volunteer,"The agent should volunteer to remove the target obstacle because it has a significant evacuation impact (0.56) and there are 7 evacuees near the target obstacle. Removing the obstacle will facilitate their escape, outweighing the travel burden and the current volunteer load."
12,-1743170,volunteer,"The agent should volunteer to remove the target obstacle because the estimated evacuation impact is high (0.75), indicating that assisting in the removal will significantly benefit the evacuation process. Although the agent has a current volunteer load of 2, the urgency of clearing the target obstacle, which is close to a large number of evacuees (21), outweighs the travel burden and current load considerations."
12,-1743142,volunteer,"assigned volunteer cleared obstacle"
14,-1743156,volunteer,"assigned volunteer cleared obstacle"
15,-1743170,volunteer,"assigned volunteer cleared obstacle"
18,-1743142,volunteer,"The estimated evacuation impact is high (0.74) with 18 evacuees near the target obstacle. Removing the obstacle will significantly aid in the evacuation process. The distance to the exit is manageable (5), and the agent has no current volunteer load, making it feasible to assist without a heavy travel burden."
18,-1743170,volunteer,"The estimated evacuation impact of 0.74 indicates a significant benefit to removing the target obstacle, especially since there are 18 evacuees near it. The distance to the exit is only 6, and the target obstacle is 3 away from the exit, making it feasible to remove it without a substantial travel burden. Additionally, the current volunteer load is low with only 1 volunteer, suggesting that the agent can contribute effectively without overburdening themselves."
18,-1743184,volunteer,"The estimated evacuation impact of 0.75 indicates a significant benefit to removing the target obstacle, which is crucial given that there are 20 evacuees near it. Although the agent has a current volunteer load of 2, the high evacuation impact outweighs the travel burden and current load, making it beneficial for the agent to volunteer."
18,-1743184,volunteer,"assigned volunteer cleared obstacle"
19,-1743170,volunteer,"assigned volunteer cleared obstacle"
23,-1743142,volunteer,"assigned volunteer cleared obstacle"
24,-1743142,volunteer,"The estimated evacuation impact is significant (0.66), indicating that removing the target obstacle will greatly aid in the evacuation process. The agent is currently not overloaded with volunteer duties (0 current volunteers) and the travel burden to the target obstacle is manageable given the proximity (4 distance to exit). Therefore, volunteering to remove the obstacle is the best choice for maximizing evacuation efficiency."
24,-1743156,volunteer,"The estimated evacuation impact of 0.56 indicates a significant benefit to the overall evacuation process by removing the target obstacle. Although the agent has a current volunteer load of 1, the presence of 3 evacuees near the target obstacle suggests that their removal will facilitate a smoother evacuation for others. The travel burden is manageable given the proximity to the exit (7 units away). Therefore, volunteering is the optimal choice."
24,-1743170,volunteer,"The estimated evacuation impact of 0.64 indicates a significant benefit to the overall evacuation process by removing the target obstacle. Although the agent has a current volunteer load of 2, the presence of 6 evacuees near the target obstacle and the relatively short distance to exit (4) suggests that assisting in this situation will facilitate a quicker evacuation for multiple individuals, outweighing the travel burden and current volunteer load."
25,-1743170,volunteer,"assigned volunteer cleared obstacle"
26,-1743142,volunteer,"assigned volunteer cleared obstacle"
27,-1743156,volunteer,"assigned volunteer cleared obstacle"
30,-1743142,volunteer,"The agent should volunteer to remove the target obstacle as it is located near a significant number of evacuees (8) and has a high estimated evacuation impact (0.68). The distance to the exit from the target obstacle is only 2.00, indicating that removing it will facilitate a quicker evacuation for those nearby. Additionally, the agent has no current volunteer load, making it feasible to assist without a significant travel burden."
30,-1743170,volunteer,"The agent should volunteer to remove the target obstacle because it has a significant evacuation impact (0.61) and there are evacuees near the target obstacle (3). Although the agent has a current volunteer load of 1, the evacuation impact takes priority over the travel burden and current load. Removing the obstacle will facilitate the evacuation process for others."
30,-1743268,volunteer,"The agent should volunteer to remove the target obstacle at (14, 26) because it has a significant evacuation impact (0.67) with 8 evacuees nearby. The distance to the exit from the target obstacle is only 3.00, which indicates that removing it will facilitate a quicker evacuation for multiple individuals. Although the agent has a current volunteer load of 2, the high evacuation impact outweighs the travel burden and current load considerations."
30,-1743170,volunteer,"assigned volunteer cleared obstacle"
30,-1743268,volunteer,"assigned volunteer cleared obstacle"
32,-1743142,volunteer,"assigned volunteer cleared obstacle"
36,-1743142,volunteer,"The estimated evacuation impact of 0.62 indicates a significant benefit to the overall evacuation process by removing the target obstacle. Although there are nearby obstacles and the agent is currently an evacuee with no volunteer load, the proximity to the exit (3 units away) and the presence of evacuees near the target obstacle (2) suggest that volunteering will facilitate a quicker evacuation for others, outweighing the travel burden of moving to remove the obstacle."
36,-1743156,volunteer,"The estimated evacuation impact of 0.60 indicates a significant benefit to removing the target obstacle, as it will help 5 evacuees nearby. Although the agent has a current volunteer load of 1, the travel burden to the target obstacle is manageable given the proximity to the exit (4 units away). Prioritizing the evacuation impact aligns with the goal of maximizing safety for the group."
36,-1743268,volunteer,"The estimated evacuation impact of 0.58 indicates a significant benefit to removing the target obstacle, as it will facilitate the exit for 3 nearby evacuees. Although the agent has a current volunteer load of 2, the travel burden to the target obstacle is manageable given the proximity to the exit (3 units away). Prioritizing the evacuation impact aligns with the goal of ensuring safety for all evacuees."
38,-1743156,volunteer,"assigned volunteer cleared obstacle"
39,-1743268,volunteer,"assigned volunteer cleared obstacle"
41,-1743142,volunteer,"assigned volunteer cleared obstacle"
42,-1743156,volunteer,"The estimated evacuation impact of 0.65 indicates that removing the target obstacle will significantly aid in the evacuation process. The agent is currently not overloaded with volunteer duties (current_volunteers: 0) and the travel burden to the target obstacle is manageable given the distance to exit (5) and the proximity of the target obstacle (2). Therefore, volunteering to remove the obstacle is the best choice for maximizing evacuation efficiency."
42,-1743268,selfish,"The estimated evacuation impact of 0.59 is moderate, but the agent is already carrying a current volunteer load of 1 and is only 5 units away from the exit. The travel burden to remove the target obstacle (6 units to exit) outweighs the potential benefit of assisting, especially with only 1 evacuee near the obstacle."
42,-1743618,volunteer,"The agent should volunteer to remove the target obstacle because it has a significant evacuation impact (0.64) and there are evacuees near the target obstacle (3). The distance to the exit is manageable (2), and the travel burden is acceptable given the current volunteer load (1). Removing the obstacle will facilitate the evacuation process for others."
42,-1743618,volunteer,"assigned volunteer cleared obstacle"
44,-1743156,volunteer,"assigned volunteer cleared obstacle"
48,-1743156,volunteer,"The agent should volunteer to remove the target obstacle because it has a significant evacuation impact (0.61) and there are evacuees near the target obstacle (2). Removing the obstacle will facilitate their exit, outweighing the travel burden and the current volunteer load, which is zero."
48,-1743856,volunteer,"The agent should volunteer to remove the target obstacle because it has a significant estimated evacuation impact of 0.60, which outweighs the travel burden and current volunteer load. The agent is only 2 units away from the exit and can help clear the path for the nearby evacuee, facilitating a quicker evacuation."
48,-1745060,volunteer,"The estimated evacuation impact of 0.61 indicates that removing the target obstacle will significantly aid in the evacuation process. Although the agent has a current volunteer load of 2, the travel burden is manageable with a distance to exit of 3. The presence of 1 evacuee near the target obstacle further emphasizes the need for action, making volunteering the optimal choice."
48,-1745060,volunteer,"assigned volunteer cleared obstacle"
51,-1743156,volunteer,"assigned volunteer cleared obstacle"
54,-1743156,volunteer,"The agent should volunteer to remove the target obstacle because it has a significant evacuation impact (0.57) and there is only one evacuee near the target obstacle. By removing the obstacle, the agent can facilitate the evacuation process for others, which is prioritized over personal travel burden and current volunteer load."
54,-1745200,volunteer,"The agent should volunteer to remove the target obstacle at (14, 6) because it has a significant evacuation impact of 0.59, which outweighs the travel burden and current volunteer load. Removing this obstacle will facilitate the evacuation of the nearby evacuee and improve overall exit efficiency."
55,-1743156,volunteer,"assigned volunteer cleared obstacle"
55,-1745200,volunteer,"assigned volunteer cleared obstacle"
60,-1743156,volunteer,"The agent should volunteer to remove the target obstacle because it has a significant evacuation impact (0.55) and there is only one evacuee near the target obstacle. Although the distance to the exit is longer for the target obstacle (10.00), the agent's current position allows for a manageable travel burden (5). Additionally, the agent has no current volunteer load, making it feasible to assist in this situation."
60,-1745200,volunteer,"The estimated evacuation impact of 0.60 indicates that removing the target obstacle will significantly aid in the evacuation process. Although the agent has a current volunteer load of 1, the travel burden to the exit is manageable at a distance of 3. Therefore, volunteering to remove the obstacle is the best choice for maximizing evacuation efficiency."
61,-1745200,volunteer,"assigned volunteer cleared obstacle"
63,-1743156,volunteer,"assigned volunteer cleared obstacle"
66,-1743156,volunteer,"The agent should volunteer to remove the target obstacle because it has a significant evacuation impact (0.54) and there is only one evacuee near the target obstacle. Although the distance to the exit increases slightly, the overall benefit of facilitating evacuation outweighs the travel burden and the agent's current volunteer load is zero."
66,-1745200,selfish,"The agent should remain selfish because the evacuation impact of removing the target obstacle is relatively low (0.59) compared to the travel burden of moving to the target obstacle (3 units away) and the agent already has a current volunteer load. Prioritizing evacuation impact and travel burden indicates that the agent's contribution would not significantly enhance the overall evacuation effort."
67,-1743156,volunteer,"assigned volunteer cleared obstacle"
1,-1745234,volunteer,"The agent should volunteer to remove the target obstacle at (17, 18) because it has a significant evacuation impact (0.63) with 18 evacuees nearby. The distance to exit is manageable at 14, and the agent has no current volunteer load, making it feasible to assist in this situation."
1,-1745248,volunteer,"The estimated evacuation impact of 0.61 indicates a significant benefit to removing the target obstacle, especially with 12 evacuees nearby. Although the agent has a current volunteer load of 1, the potential positive impact on evacuation outweighs the travel burden and current load."
1,-1745262,volunteer,"The estimated evacuation impact of 0.66 indicates a significant benefit to removing the target obstacle, especially with 23 evacuees nearby. Although the agent has a current volunteer load of 2, the potential positive impact on the evacuation process outweighs the travel burden and current load."
1,-1745234,volunteer,"assigned volunteer cleared obstacle"
1,-1745248,volunteer,"assigned volunteer cleared obstacle"
1,-1745262,volunteer,"assigned volunteer cleared obstacle"
6,-1745234,volunteer,"The agent should volunteer to remove the target obstacle because it has a significant evacuation impact (0.65) and there are 16 evacuees near the target obstacle. Removing this obstacle will facilitate the evacuation of multiple individuals, which is prioritized over the agent's travel burden and current volunteer load, as the agent has no current volunteer commitments."
6,-1745248,volunteer,"The estimated evacuation impact of 0.63 indicates a significant benefit to the overall evacuation process by removing the target obstacle. Although the agent has a current volunteer load of 1, the high number of evacuees (13) near the target obstacle and its proximity to the exit (10.00) further justify the decision to volunteer, as it will facilitate a smoother evacuation for many individuals."
6,-1745262,volunteer,"The estimated evacuation impact of 0.69 is significant, indicating that removing the target obstacle will greatly aid in the evacuation process. Although the agent has a current volunteer load of 2, the high number of evacuees (21) near the target obstacle and the proximity to the exit (9 units) suggest that the benefits of volunteering outweigh the travel burden and current load."
6,-1745262,volunteer,"assigned volunteer cleared obstacle"
7,-1745234,volunteer,"assigned volunteer cleared obstacle"
9,-1745248,volunteer,"assigned volunteer cleared obstacle"
12,-1745234,volunteer,"The estimated evacuation impact is significant (0.68), indicating that removing the target obstacle will greatly aid the evacuation process. The distance to the exit is manageable (10), and the agent has no current volunteer load, making it feasible to assist without a heavy travel burden."
12,-1745248,volunteer,"The agent should volunteer to remove the target obstacle because the estimated evacuation impact is significant (0.57), indicating that helping to clear the path will greatly benefit the evacuation process. Although the agent has a current volunteer load of 1 and is an evacuee, the high number of evacuees near the target obstacle (4) and the proximity to the exit (10 units) further justify the decision to prioritize evacuation impact over personal burden."
12,-1745262,volunteer,"The estimated evacuation impact of removing the target obstacle is significant (0.73), and there are 22 evacuees near the target obstacle who would benefit from its removal. Although the agent has a current volunteer load of 2, the high number of nearby evacuees and the relatively short distance to the exit (6.00) justify the decision to volunteer, as it prioritizes the evacuation impact over personal burden."
12,-1745248,volunteer,"assigned volunteer cleared obstacle"
13,-1745262,volunteer,"assigned volunteer cleared obstacle"
14,-1745234,volunteer,"assigned volunteer cleared obstacle"
18,-1745234,volunteer,"The agent should volunteer to remove the target obstacle because it is located near a high number of evacuees (21) and has a significant estimated evacuation impact (0.73). The distance to the exit from the target obstacle is relatively short (6.00), which indicates that removing it could facilitate a quicker evacuation for many. Additionally, the agent has no current volunteer load, making it feasible to assist without a significant travel burden."
18,-1745248,volunteer,"The estimated evacuation impact of 0.56 indicates that removing the target obstacle will significantly aid in the evacuation process. Although the agent has a current volunteer load of 1, the presence of 5 evacuees near the target obstacle suggests that their removal is critical for facilitating a smoother exit for multiple individuals. The travel burden is manageable given the distance to the exit is only 8, and the agent is positioned to assist effectively."
18,-1745262,volunteer,"The estimated evacuation impact of removing the target obstacle is significant (0.65), which indicates that it would greatly benefit the evacuation process. Although the agent has a current volunteer load of 2 and the distance to the target obstacle is 9.00, the high number of evacuees (14) near the target obstacle suggests that assisting in its removal would facilitate a smoother evacuation for many. Therefore, the decision to volunteer is prioritized over remaining selfish."
19,-1745234,volunteer,"assigned volunteer cleared obstacle"
19,-1745248,volunteer,"assigned volunteer cleared obstacle"
20,-1745262,volunteer,"assigned volunteer cleared obstacle"
24,-1745248,volunteer,"The agent should volunteer to remove the target obstacle because the estimated evacuation impact is high (0.71), indicating that assisting in this situation will significantly benefit the overall evacuation process. Additionally, the agent has no current volunteer load and the travel burden to the target obstacle is manageable, given the proximity to the exit."
24,-1745262,volunteer,"The estimated evacuation impact of 0.76 indicates that removing the target obstacle will significantly aid in the evacuation process, especially with 21 evacuees nearby. The distance to the exit is manageable at 6, and the travel burden is outweighed by the potential benefit to many others. Current volunteer load is low with only 1 volunteer, making it feasible for the agent to assist."
24,-1745290,volunteer,"The estimated evacuation impact of 0.71 indicates that removing the target obstacle will significantly aid the evacuation process, especially with 15 evacuees nearby. Although the agent has a current volunteer load of 2, the travel burden to the target obstacle is manageable given the proximity to the exit (3 units away). Therefore, volunteering to remove the obstacle is the best choice for maximizing evacuation efficiency."
24,-1745262,volunteer,"assigned volunteer cleared obstacle"
24,-1745290,volunteer,"assigned volunteer cleared obstacle"
30,-1745234,volunteer,"The agent should volunteer to remove the target obstacle because it has a significant evacuation impact (0.57) and there are evacuees near the target obstacle (2). Removing the obstacle will facilitate their exit, outweighing the travel burden and the current volunteer load, which is zero."
30,-1745248,volunteer,"The agent should volunteer to remove the target obstacle because it is located near a significant number of evacuees (10) and has a high estimated evacuation impact (0.68). The distance to the exit from the target obstacle is also relatively short (3.00), which indicates that removing it could facilitate a quicker evacuation for those nearby. Although the agent has a current volunteer load of 1, the overall benefit to the evacuation process outweighs the travel burden and current load."
30,-1745262,volunteer,"The agent should volunteer to remove the target obstacle because the estimated evacuation impact is high (0.73) and there are 17 evacuees near the target obstacle. Removing this obstacle will significantly aid in the evacuation process. Although the agent has a current volunteer load of 2, the travel burden to the target obstacle is manageable (3.00 distance to exit), making it a reasonable decision to prioritize the evacuation impact over personal burden."
30,-1745248,volunteer,"assigned volunteer cleared obstacle"
32,-1745262,volunteer,"assigned volunteer cleared obstacle"
33,-1745234,volunteer,"assigned volunteer cleared obstacle"
36,-1745234,volunteer,"The agent should volunteer to remove the target obstacle because it has a significant evacuation impact (0.65) and there are 6 evacuees near the target obstacle. Removing it will facilitate their exit, which is a priority. The travel burden is manageable with a distance of 4.00 to the exit after removing the obstacle, and the agent currently has no volunteer load."
36,-1745262,selfish,"The estimated evacuation impact of removing the target obstacle is 0.61, which is significant, but the distance to the exit is only 5. The agent is already carrying a volunteer load and there are 63 nearby obstacles, making the travel burden to remove the target obstacle (which is 6.00 away from the exit) too high compared to the current situation. Therefore, it is more beneficial for the agent to prioritize their own evacuation."
36,-1745332,volunteer,"The agent should volunteer to remove the target obstacle because it has a significant evacuation impact (0.63) and there are 4 evacuees near the target obstacle. The distance to the exit is only 1, indicating that the agent can quickly return after removing the obstacle. The current volunteer load is manageable with only 1 current volunteer, making it feasible for the agent to assist without a heavy travel burden."
36,-1745234,volunteer,"assigned volunteer cleared obstacle"
37,-1745332,volunteer,"assigned volunteer cleared obstacle"
42,-1745234,volunteer,"The agent should volunteer to remove the target obstacle because it has a significant evacuation impact (0.56) and there is only one evacuee near the target obstacle. Although the distance to the exit for the target obstacle is 9.00, the agent's current position is only 4 units away from the exit, making the travel burden manageable. Additionally, the agent has no current volunteer load, allowing them to assist without overextending themselves."
42,-1745248,volunteer,"The agent should volunteer to remove the target obstacle because it has a significant evacuation impact of 0.60, which outweighs the travel burden and the current volunteer load. Removing the obstacle will facilitate the evacuation process for the nearby evacuee and improve overall safety."
42,-1745262,selfish,"The estimated evacuation impact of removing the target obstacle is 0.58, which is not significant enough to outweigh the travel burden of moving to the target obstacle (5 units away) and the current volunteer load of 2. Given the agent's role as an evacuee and the proximity to the exit (3 units away), it is more beneficial for the agent to prioritize their own evacuation."
45,-1745234,volunteer,"assigned volunteer cleared obstacle"
45,-1745248,volunteer,"assigned volunteer cleared obstacle"
48,-1745514,volunteer,"The agent should volunteer to remove the target obstacle because it has a significant evacuation impact (0.61) and there are evacuees near the target obstacle (2). Removing the obstacle will facilitate their exit, which is a priority. The travel burden is manageable as the distance to the exit is only 3, and the agent currently has no volunteer load."
48,-1745654,volunteer,"The estimated evacuation impact of 0.60 indicates a significant benefit to removing the target obstacle, which is crucial for the nearby evacuee. Although the agent has a current volunteer load of 1 and the travel burden to the target obstacle is not negligible, the positive impact on evacuation outweighs these concerns. Therefore, the agent should volunteer to remove the target obstacle."
48,-1745990,volunteer,"The agent should volunteer to remove the target obstacle because the estimated evacuation impact is significant (0.62), which indicates that assisting in the removal will greatly benefit the overall evacuation process. Although the agent has a current volunteer load of 2, the proximity to the exit (1 unit away) and the presence of only 1 nearby evacuee near the target obstacle suggest that the travel burden is manageable. Prioritizing evacuation impact over personal burden aligns with the goal of ensuring a successful evacuation."
48,-1745514,volunteer,"assigned volunteer cleared obstacle"
48,-1745654,volunteer,"assigned volunteer cleared obstacle"
48,-1745990,volunteer,"assigned volunteer cleared obstacle"
54,-1745654,volunteer,"The estimated evacuation impact of removing the target obstacle is significant (0.61), which outweighs the travel burden and the current volunteer load. By volunteering, the agent can facilitate the evacuation process for themselves and the nearby evacuee."
54,-1745654,volunteer,"assigned volunteer cleared obstacle"
1,-1747340,volunteer,"The agent should volunteer to remove the target obstacle at (19, 5) because it has a significant evacuation impact (0.67) with 17 evacuees nearby. Removing this obstacle will facilitate the evacuation process for a large number of individuals, outweighing the travel burden and the current volunteer load, which is zero."
1,-1747354,volunteer,"The agent should volunteer to remove the target obstacle because it has a significant evacuation impact (0.57) with 9 evacuees near the target obstacle. Although there are 80 nearby obstacles, the potential benefit of facilitating the evacuation for multiple evacuees outweighs the travel burden and the current volunteer load of 1."
1,-1747368,volunteer,"The agent should volunteer to remove the target obstacle because it has a significant evacuation impact (0.65) and there are 16 evacuees near the target obstacle. Although the agent has a current volunteer load of 2, the potential benefit to the evacuation process outweighs the travel burden and current load."
1,-1747340,volunteer,"assigned volunteer cleared obstacle"
1,-1747354,volunteer,"assigned volunteer cleared obstacle"
1,-1747368,volunteer,"assigned volunteer cleared obstacle"
6,-1747340,volunteer,"The agent should volunteer to remove the target obstacle at (17, 3) because it has a significant evacuation impact (0.74) with 22 evacuees nearby. The distance to the exit is manageable (7), and the agent has no current volunteer load, making it feasible to assist in the evacuation effort."
6,-1747354,volunteer,"The estimated evacuation impact of 0.60 indicates a significant benefit to removing the target obstacle, as it affects 7 evacuees. The travel burden is manageable with a distance to exit of 9, and the current volunteer load is low with only 1 volunteer. Therefore, volunteering to remove the obstacle is the best choice for maximizing evacuation efficiency."
6,-1747368,volunteer,"The estimated evacuation impact of removing the target obstacle is significant (0.67), which outweighs the travel burden and current volunteer load. By volunteering, the agent can help facilitate the evacuation of 17 nearby evacuees, making it a priority to assist in their escape."
6,-1747340,volunteer,"assigned volunteer cleared obstacle"
6,-1747354,volunteer,"assigned volunteer cleared obstacle"
6,-1747368,volunteer,"assigned volunteer cleared obstacle"
12,-1747340,volunteer,"The estimated evacuation impact of 0.78 indicates a significant benefit to the overall evacuation process by removing the target obstacle. The travel burden is manageable with a distance to exit of 4, and the current volunteer load is 0, allowing the agent to assist without overextending themselves."
12,-1747354,volunteer,"The estimated evacuation impact of 0.63 indicates a significant benefit to removing the target obstacle, as it affects 9 evacuees. The distance to exit is manageable at 7, and the current volunteer load is low with only 1 volunteer. Therefore, volunteering to remove the obstacle will enhance overall evacuation efficiency."
12,-1747368,volunteer,"The estimated evacuation impact of 0.65 indicates a significant benefit to removing the target obstacle, which is crucial given the presence of 8 evacuees near it. Although the agent has a current volunteer load of 2, the travel burden to the target obstacle is manageable (5.00 distance to exit), and the overall evacuation impact outweighs the agent's selfish interests."
12,-1747340,volunteer,"assigned volunteer cleared obstacle"
12,-1747354,volunteer,"assigned volunteer cleared obstacle"
12,-1747368,volunteer,"assigned volunteer cleared obstacle"
18,-1747340,volunteer,"The agent should volunteer to remove the target obstacle because the estimated evacuation impact is high (0.78) and there are 23 evacuees near the target obstacle. The distance to the exit is only 3, and the target obstacle is 2 units away from the exit, making it a critical point for evacuation. The agent has no current volunteer load, making it feasible to assist without a significant travel burden."
18,-1747354,volunteer,"The agent should volunteer to remove the target obstacle because it has a significant evacuation impact (0.68) and there are 14 evacuees near the target obstacle. Although the agent has a current volunteer load of 1, the evacuation impact outweighs the travel burden and current load considerations."
18,-1747368,volunteer,"The agent should volunteer to remove the target obstacle because it has a significant evacuation impact (0.62) and there are 5 evacuees near the target obstacle. Removing this obstacle will facilitate their evacuation, which is the highest priority. The travel burden is manageable as the distance to the exit is only 2, and the current volunteer load of 2 is not excessive given the potential benefit to multiple evacuees."
18,-1747340,volunteer,"assigned volunteer cleared obstacle"
19,-1747354,volunteer,"assigned volunteer cleared obstacle"
20,-1747368,volunteer,"assigned volunteer cleared obstacle"
24,-1747368,volunteer,"The agent should volunteer to remove the target obstacle because the estimated evacuation impact is high (0.73), indicating that assisting in the evacuation will significantly benefit the nearby evacuees. The travel burden is minimal as the distance to the target obstacle is only 2 units away, and the agent currently has no volunteer load, making it feasible to assist without additional strain."
24,-1747382,volunteer,"The estimated evacuation impact of 0.72 indicates a significant benefit to the overall evacuation process by removing the target obstacle. Although there are 68 nearby obstacles and the agent has a current volunteer load of 1, the distance to exit is only 3, making the travel burden manageable. Additionally, there are 17 evacuees near the target obstacle, suggesting that removing it will greatly aid their evacuation."
24,-1747438,volunteer,"The agent should volunteer to remove the target obstacle at (14, 24) because it has a significant evacuation impact (0.71) with 17 evacuees nearby. The distance to the exit is only 5.00, which indicates that removing this obstacle could facilitate a quicker evacuation for many individuals. Although the agent has a current volunteer load of 2, the high evacuation impact outweighs the travel burden and current load considerations."
24,-1747438,volunteer,"assigned volunteer cleared obstacle"
29,-1747382,volunteer,"assigned volunteer cleared obstacle"
30,-1747382,volunteer,"The agent should volunteer to remove the target obstacle because the estimated evacuation impact is significant (0.67), and there are 11 evacuees near the target obstacle. Removing the obstacle will facilitate the evacuation process for a larger number of individuals, outweighing the travel burden and the current volunteer load, which is zero."
30,-1747438,volunteer,"The estimated evacuation impact of 0.66 indicates a significant benefit to the overall evacuation process by removing the target obstacle. Although the agent has a current volunteer load of 1 and is an evacuee, the high number of evacuees (10) near the target obstacle and the relatively short distance to the exit (2) suggest that volunteering will facilitate a quicker evacuation for many individuals, outweighing the travel burden and current volunteer load."
30,-1747480,volunteer,"The agent should volunteer to remove the target obstacle because it has a significant evacuation impact (0.74) and there are 17 evacuees near the target obstacle. Removing this obstacle will facilitate their escape, outweighing the travel burden and the current volunteer load."
30,-1747480,volunteer,"assigned volunteer cleared obstacle"
32,-1747382,volunteer,"assigned volunteer cleared obstacle"
36,-1747382,volunteer,"The agent should volunteer to remove the target obstacle because it has a significant evacuation impact (0.65) and there are 9 evacuees near the target obstacle. Removing the obstacle will facilitate their exit, outweighing the travel burden and the current volunteer load, which is zero."
36,-1747480,volunteer,"The estimated evacuation impact of 0.64 indicates that removing the target obstacle will significantly aid in the evacuation process, especially with 11 evacuees nearby. Although the agent has a current volunteer load of 1, the travel burden to the target obstacle is manageable given the proximity to the exit (4 units away). Therefore, volunteering to remove the obstacle is the best choice for maximizing evacuation efficiency."
36,-1747508,volunteer,"The agent should volunteer to remove the target obstacle because the estimated evacuation impact is significant (0.64), indicating that helping to clear the path will greatly assist the evacuation process. Although the agent has a current volunteer load of 2, the high number of evacuees (8) near the target obstacle and the proximity to the exit (6 units) further justify the decision to prioritize evacuation impact over personal burden."
36,-1747508,volunteer,"assigned volunteer cleared obstacle"
40,-1747480,volunteer,"assigned volunteer cleared obstacle"
42,-1747480,volunteer,"The agent should volunteer to remove the target obstacle because it has a significant evacuation impact (0.59) and there are 5 evacuees near the target obstacle. Removing the obstacle will facilitate their escape, outweighing the travel burden and the current volunteer load, which is zero."
42,-1747872,selfish,"The agent should remain selfish because the target obstacle is 8.00 units away from the exit, which has a significant evacuation impact of only 0.58. Additionally, the agent is already carrying a current volunteer load of 1 and has a distance to exit of 5, which indicates that volunteering would increase their travel burden without a substantial benefit to the overall evacuation effort."
42,-1747984,volunteer,"The agent should volunteer to remove the target obstacle at (14, 1) because it has a significant evacuation impact (0.71) and is located just 1 unit away from the exit. Additionally, there are 10 evacuees near the target obstacle, indicating that removing it will facilitate their evacuation. The travel burden is minimal as the distance to the target obstacle is only 1 unit, and the current volunteer load is manageable with only 1 current volunteer."
42,-1747984,volunteer,"assigned volunteer cleared obstacle"
43,-1747480,volunteer,"assigned volunteer cleared obstacle"
48,-1747480,selfish,"The estimated evacuation impact of 0.55 is moderate, but the agent is an evacuee with no current volunteer load and is positioned 5 units from the exit. The travel burden to remove the target obstacle (10 units away) outweighs the potential benefit of assisting, as it would delay the agent's own evacuation. Therefore, remaining selfish is the more favorable decision."
48,-1748026,selfish,"The estimated evacuation impact of removing the target obstacle is 0.53, which is relatively low compared to the travel burden of the agent, who is already 10 units away from the exit. Additionally, the agent has no current volunteer load, but the nearby obstacles (60) indicate a high level of obstruction. Given the distance to the exit and the low impact of removing the obstacle, it is more beneficial for the agent to prioritize their own evacuation."
48,-1748390,volunteer,"The estimated evacuation impact of 0.62 indicates a significant benefit to the overall evacuation process by removing the target obstacle. The agent is positioned close to the exit (2 units away) and has no current volunteer load, making the travel burden minimal. Therefore, volunteering to remove the target obstacle is the best choice for maximizing evacuation efficiency."
50,-1748390,volunteer,"assigned volunteer cleared obstacle"
54,-1747480,selfish,"The agent should remain selfish because the target obstacle is 8 units away from the exit, which significantly impacts evacuation. Although there is one evacuee near the target obstacle, the agent's current distance to exit is only 3 units, allowing for a quicker evacuation without taking on the burden of removing the obstacle. Additionally, the agent has no current volunteer load, but the evacuation impact of removing the obstacle is not sufficient to outweigh the travel burden of moving to the target obstacle."
54,-1748026,volunteer,"The agent should volunteer to remove the target obstacle at (6, 12) because it has a significant estimated evacuation impact of 0.58, which indicates that removing this obstacle will greatly aid in the evacuation process. The travel burden is manageable, as the distance to the exit is 9 and the distance to the target obstacle is only 1. Additionally, the agent currently has no volunteer load, making it feasible to assist without overburdening themselves."
54,-1749300,volunteer,"The estimated evacuation impact of 0.58 indicates a significant benefit to the overall evacuation process by removing the target obstacle. Although the agent has a current volunteer load of 1, the travel burden to the target obstacle is manageable given the distance to exit is only 4. Therefore, volunteering to remove the obstacle is the best choice for maximizing evacuation efficiency."
54,-1748026,volunteer,"assigned volunteer cleared obstacle"
57,-1749300,volunteer,"assigned volunteer cleared obstacle"
60,-1748026,volunteer,"The agent should volunteer to remove the target obstacle because it has a significant evacuation impact (0.58) and there is only one evacuee near the target obstacle. Removing the obstacle will facilitate the evacuation process, which is the highest priority. The travel burden is manageable, and the agent currently has no volunteer load."
60,-1749300,volunteer,"The agent should volunteer to remove the target obstacle because it has a significant evacuation impact (0.58) and there is only one evacuee near the target obstacle. Although the distance to the exit is longer (7.00) after removing the obstacle, the overall benefit of facilitating evacuation for the nearby evacuee outweighs the travel burden and the current volunteer load."
60,-1748026,volunteer,"assigned volunteer cleared obstacle"
62,-1749300,volunteer,"assigned volunteer cleared obstacle"
66,-1748026,selfish,"The agent should remain selfish because the estimated evacuation impact of removing the target obstacle (0.56) is not significantly high enough to outweigh the travel burden of moving to the target obstacle (which is 9.00 units away) and the agent currently has no volunteer load. The distance to exit (5) is already manageable, and the nearby obstacles (55) indicate a high level of obstruction, making the effort to remove one obstacle less impactful in the overall evacuation scenario."
72,-1748026,volunteer,"The estimated evacuation impact of 0.60 indicates that removing the target obstacle will significantly aid in the evacuation process. The agent is currently not overloaded with volunteer tasks (current_volunteers: 0) and the travel burden to the target obstacle is manageable given the proximity (distance to exit: 4). Therefore, volunteering to remove the obstacle is the best choice for maximizing evacuation efficiency."
72,-1748026,volunteer,"assigned volunteer cleared obstacle"
78,-1748026,volunteer,"The agent should volunteer to remove the target obstacle because it has a significant evacuation impact (0.59) and there is only one evacuee near the target obstacle. The distance to the exit is manageable (2), and the agent has no current volunteer load, making it feasible to assist in the evacuation effort."
81,-1748026,volunteer,"assigned volunteer cleared obstacle"
84,-1748026,volunteer,"The agent should volunteer to remove the target obstacle because the estimated evacuation impact is significant (0.59), indicating that removing the obstacle will greatly aid in the evacuation process. The travel burden is manageable as the distance to the exit is only 3, and the agent currently has no volunteer load, making it feasible to assist without overextending themselves."
85,-1748026,volunteer,"assigned volunteer cleared obstacle"
1,-1749446,volunteer,"The agent should volunteer to remove the target obstacle at (17, 8) because it has a significant evacuation impact of 0.71, which indicates that assisting in this situation will greatly benefit the overall evacuation process. The travel burden is manageable as the distance to the target obstacle is only 2 units away, and the agent currently has no volunteer load, making it feasible to assist without overburdening themselves."
1,-1749460,volunteer,"The agent should volunteer to remove the target obstacle because it has a significant evacuation impact (0.66) and there are 13 evacuees near the target obstacle. Although the agent has a current volunteer load of 1, the potential benefit to the overall evacuation outweighs the travel burden and current load."
1,-1749474,selfish,"The estimated evacuation impact of removing the target obstacle is 0.65, which is significant, but the agent is currently an evacuee and has a distance to exit of 10. With 19 evacuees near the target obstacle and the agent already having 2 current volunteers, the travel burden and the potential for increased risk outweigh the benefits of volunteering. The agent should prioritize their own evacuation over the removal of the obstacle."
1,-1749446,volunteer,"assigned volunteer cleared obstacle"
1,-1749460,volunteer,"assigned volunteer cleared obstacle"
6,-1749446,volunteer,"The agent should volunteer to remove the target obstacle at (15, 7) because it has a significant evacuation impact of 0.77, which indicates that removing this obstacle will greatly facilitate the evacuation of 29 nearby evacuees. The travel burden is manageable with a distance to exit of 10 and no current volunteer load, making it a favorable decision to assist in the evacuation effort."
6,-1749460,volunteer,"The estimated evacuation impact of 0.74 indicates that removing the target obstacle will significantly aid in the evacuation process, especially with 21 evacuees near the target obstacle. Although the agent has a current volunteer load of 1 and the travel burden to the target obstacle is 5.00, the high evacuation impact outweighs these concerns, making it beneficial for the agent to volunteer."
6,-1749474,volunteer,"The estimated evacuation impact of 0.73 is significant, indicating that removing the target obstacle will greatly aid in the evacuation process. Although the agent has a current volunteer load of 2, the high number of evacuees (23) near the target obstacle and the distance to exit (6) suggest that the agent's contribution will have a meaningful effect on overall evacuation efforts. The travel burden to the target obstacle (7.00) is manageable compared to the potential benefit of facilitating the escape of many evacuees."
7,-1749446,volunteer,"assigned volunteer cleared obstacle"
7,-1749460,volunteer,"assigned volunteer cleared obstacle"
7,-1749474,volunteer,"assigned volunteer cleared obstacle"
12,-1749446,volunteer,"The estimated evacuation impact of 0.77 indicates that removing the target obstacle will significantly aid in the evacuation process, especially with 27 evacuees nearby. Although the target obstacle is 6 units away from the exit, the potential benefit to the evacuation outweighs the travel burden and the current volunteer load, which is zero."
12,-1749460,volunteer,"The agent should volunteer to remove the target obstacle because the estimated evacuation impact is significant (0.69) and there are 19 evacuees near the target obstacle. Removing the obstacle will facilitate the evacuation of these individuals, outweighing the travel burden and the current volunteer load."
12,-1749474,selfish,"The agent should remain selfish because the target obstacle is 7 units away from the exit, which is further than the agent's current distance to exit (5 units). Additionally, there are 22 evacuees near the target obstacle, indicating a high potential impact if removed, but the agent's current volunteer load of 2 is already significant. Prioritizing travel burden and current volunteer load over evacuation impact leads to the decision to remain selfish."
12,-1749446,volunteer,"assigned volunteer cleared obstacle"
14,-1749460,volunteer,"assigned volunteer cleared obstacle"
18,-1749446,volunteer,"The agent should volunteer to remove the target obstacle because it has a significant evacuation impact (0.67) and there are 15 evacuees near the target obstacle. Removing the obstacle will facilitate the evacuation of these individuals, outweighing the travel burden and the current volunteer load, which is zero."
18,-1749460,selfish,"The agent should remain selfish because the target obstacle is too far from the exit (10.00 units), and removing it does not significantly improve the evacuation impact (0.61). Additionally, the agent is already a volunteer and has a current volunteer load, which may increase their travel burden without a substantial benefit to the overall evacuation effort."
18,-1749474,volunteer,"The estimated evacuation impact of removing the target obstacle is high (0.81), which suggests that it will significantly aid the evacuation process. The distance to the exit is short (5), and the target obstacle is very close (1.00) to the exit, indicating that removing it will facilitate the movement of a large number of evacuees (25) nearby. Although the agent has a current volunteer load of 1, the benefits of volunteering outweigh the travel burden, making it a favorable decision to volunteer."
22,-1749446,volunteer,"assigned volunteer cleared obstacle"
24,-1749446,volunteer,"The estimated evacuation impact of 0.71 indicates that removing the target obstacle will significantly aid in the evacuation process. Although the agent has a current volunteer load of 1, the high number of evacuees (15) near the target obstacle and the proximity to the exit (4 units) suggest that volunteering will facilitate a quicker evacuation for many individuals, outweighing the travel burden and current load."
24,-1749460,volunteer,"The estimated evacuation impact of 0.70 indicates a significant benefit to the overall evacuation process by removing the target obstacle. Although the agent has a current volunteer load of 2, the high number of evacuees (14) near the target obstacle and the relatively short distance to the exit (2) suggest that volunteering will facilitate a quicker evacuation for many. The travel burden is outweighed by the positive impact on evacuation."
24,-1749488,volunteer,"The estimated evacuation impact of 0.58 indicates that removing the target obstacle will significantly aid in the evacuation process, especially with 6 evacuees nearby. Although the agent has a current volunteer load of 3, the potential benefit to the overall evacuation outweighs the travel burden and current load."
24,-1749446,volunteer,"assigned volunteer cleared obstacle"
24,-1749488,volunteer,"assigned volunteer cleared obstacle"
26,-1749474,volunteer,"assigned volunteer cleared obstacle"
30,-1749446,volunteer,"The agent should volunteer to remove the target obstacle because it has a significant evacuation impact (0.67) and there are 8 evacuees near the target obstacle. Removing the obstacle will facilitate the evacuation of multiple individuals, outweighing the travel burden and the current volunteer load, which is zero."
30,-1749460,volunteer,"The agent should volunteer to remove the target obstacle as it has a significant evacuation impact (0.66) with 7 evacuees near the target obstacle. The distance to the exit is manageable (3.00), and the agent's current volunteer load is low (1). This decision prioritizes the evacuation impact over travel burden and current volunteer load."
30,-1749474,volunteer,"The estimated evacuation impact of 0.60 indicates that removing the target obstacle will significantly aid in the evacuation process. Although the agent has a current volunteer load of 2 and the target obstacle is 8 units away from the exit, the presence of 5 evacuees near the target obstacle suggests that their removal is critical for the safety and efficiency of the evacuation. Prioritizing evacuation impact over travel burden and current volunteer load justifies the decision to volunteer."
30,-1749446,volunteer,"assigned volunteer cleared obstacle"
32,-1749474,volunteer,"assigned volunteer cleared obstacle"
36,-1749474,volunteer,"The estimated evacuation impact of 0.55 indicates that removing the target obstacle will significantly aid in the evacuation process. Although the distance to the exit is 8 and the target obstacle is 10 away, the presence of 1 evacuee near the target obstacle suggests that their evacuation will be facilitated by its removal. The agent has no current volunteer load, making it feasible to assist without a significant travel burden."
36,-1749488,volunteer,"The agent should volunteer to remove the target obstacle because it has a significant evacuation impact (0.65) and there are 6 evacuees near the target obstacle. Although the agent has a current volunteer load of 1, the distance to the exit is only 2, making the travel burden manageable. Removing the obstacle will facilitate the evacuation of multiple individuals, which is the priority."
36,-1749530,volunteer,"The estimated evacuation impact of 0.70 indicates a significant benefit to removing the target obstacle, which is crucial given that there are 11 evacuees near it. The distance to the exit is only 4, and the target obstacle is 2 units away from the exit, making it feasible to remove it without a substantial travel burden. Additionally, the current volunteer load of 2 is manageable in this context, allowing the agent to assist effectively."
36,-1749488,volunteer,"assigned volunteer cleared obstacle"
37,-1749474,volunteer,"assigned volunteer cleared obstacle"
42,-1749474,selfish,"The agent should remain selfish because the target obstacle is 12 units away from the exit, which significantly reduces the evacuation impact (0.53) compared to the travel burden of moving to remove it. Additionally, the agent already has a current volunteer load of 1, which suggests that their capacity to assist is limited. Therefore, prioritizing personal evacuation is more beneficial in this scenario."
42,-1749712,volunteer,"The agent should volunteer to remove the target obstacle at (28, 13) because it is only 1 unit away from the exit, and there is 1 evacuee nearby who would benefit from the removal. The estimated evacuation impact is significant at 0.65, which indicates that assisting in this situation would greatly enhance the overall evacuation process. Although the agent has a current volunteer load of 1, the high evacuation impact and the proximity to the exit outweigh the travel burden."
42,-1749866,volunteer,"The estimated evacuation impact of 0.59 indicates that removing the target obstacle will significantly aid in the evacuation process. Although the agent has a current volunteer load of 2 and there are nearby obstacles, the potential benefit to the evacuation outweighs the travel burden and current load. The agent is positioned close enough to the target obstacle to make a meaningful contribution to the evacuation effort."
42,-1749530,volunteer,"assigned volunteer cleared obstacle"
42,-1749712,volunteer,"assigned volunteer cleared obstacle"
42,-1749866,volunteer,"assigned volunteer cleared obstacle"
48,-1749474,selfish,"The estimated evacuation impact of removing the target obstacle is relatively low (0.56), and the distance to the exit is only 4. Additionally, the agent has no current volunteer load, but the travel burden to the target obstacle is significant (9.00). Therefore, it is more beneficial for the agent to remain selfish and prioritize their own evacuation."
48,-1749866,volunteer,"The agent should volunteer to remove the target obstacle because it has a significant evacuation impact of 0.60, which is crucial for the nearby evacuee. The travel burden is manageable with a distance to exit of 5, and the agent currently has no volunteer load, making it feasible to assist."
48,-1750216,volunteer,"The agent should volunteer to remove the target obstacle because it has a significant evacuation impact (0.59) and there are evacuees (3) near the target obstacle who would benefit from its removal. Although the distance to the exit is greater for the target obstacle (7.00), the overall benefit to the evacuation process outweighs the travel burden and the agent's current volunteer load (1)."
48,-1749866,volunteer,"assigned volunteer cleared obstacle"
50,-1750216,volunteer,"assigned volunteer cleared obstacle"
54,-1749866,volunteer,"The estimated evacuation impact of 0.60 indicates a significant benefit to the overall evacuation process by removing the target obstacle. The agent is positioned close to the target obstacle and has no current volunteer load, making it feasible to assist without a heavy travel burden. Therefore, volunteering to remove the obstacle is the best choice for maximizing evacuation efficiency."
54,-1750216,selfish,"The estimated evacuation impact of removing the target obstacle is 0.56, which is relatively low compared to the travel burden of moving to the target obstacle (2 units away) and the distance to exit (5 units). Additionally, the agent already has a current volunteer load of 1, which may hinder their ability to assist effectively. Therefore, it is more beneficial for the agent to remain selfish and prioritize their own evacuation."
54,-1749866,volunteer,"assigned volunteer cleared obstacle"
60,-1749866,volunteer,"The agent should volunteer to remove the target obstacle because it has a significant estimated evacuation impact of 0.61, which indicates that assisting in this situation will greatly benefit the overall evacuation process. The travel burden is minimal, as the distance to the target obstacle is only 1 unit away, and the agent currently has no volunteer load. Therefore, volunteering is the optimal choice."
63,-1749866,volunteer,"assigned volunteer cleared obstacle"
66,-1749866,volunteer,"The agent should volunteer to remove the target obstacle because it has a significant evacuation impact of 0.60, which outweighs the travel burden and current volunteer load. By removing the obstacle, the agent facilitates the evacuation process for themselves and the nearby evacuee."
69,-1749866,volunteer,"assigned volunteer cleared obstacle"
72,-1749866,volunteer,"The agent should volunteer to remove the target obstacle because it has a significant estimated evacuation impact of 0.60, which outweighs the travel burden and current volunteer load. By removing the obstacle, the agent facilitates the evacuation process for themselves and the nearby evacuee."
74,-1749866,volunteer,"assigned volunteer cleared obstacle"
78,-1749866,volunteer,"The estimated evacuation impact of 0.58 indicates that removing the target obstacle will significantly aid the evacuation process. The agent has no current volunteer load, and the travel burden to the target obstacle is manageable given the proximity to the exit. Therefore, volunteering to remove the obstacle is the best decision for maximizing evacuation efficiency."
79,-1749866,volunteer,"assigned volunteer cleared obstacle"
90,-1749866,volunteer,"The agent should volunteer to remove the target obstacle because it has a significant estimated evacuation impact of 0.60, which outweighs the travel burden and current volunteer load. By removing the obstacle, the agent facilitates the evacuation of nearby evacuees and improves overall evacuation efficiency."
93,-1749866,volunteer,"assigned volunteer cleared obstacle"
1,-1751552,volunteer,"The agent should volunteer to remove the target obstacle because it has a significant evacuation impact (0.68) and there are 17 evacuees near the target obstacle. Removing this obstacle will facilitate the evacuation of multiple individuals, outweighing the travel burden and the current volunteer load, which is zero."
1,-1751566,volunteer,"The estimated evacuation impact of removing the target obstacle is significant (0.70), which indicates a strong benefit to the overall evacuation process. Although the agent has a current volunteer load of 1 and there are 80 nearby obstacles, the high number of evacuees (24) near the target obstacle suggests that removing it will greatly facilitate their escape. The travel burden is manageable given the distance to the exit (12) and the distance to the target obstacle (2). Therefore, volunteering is the best choice."
1,-1751580,volunteer,"The estimated evacuation impact of 0.67 indicates a significant benefit to removing the target obstacle, as it affects 16 evacuees nearby. Although the agent has a current volunteer load of 2 and the target obstacle is 8 units from the exit, the high number of evacuees near the target obstacle and the potential to improve their evacuation outweighs the travel burden and current load."
1,-1751552,volunteer,"assigned volunteer cleared obstacle"
2,-1751580,volunteer,"assigned volunteer cleared obstacle"
3,-1751566,volunteer,"assigned volunteer cleared obstacle"
6,-1751552,volunteer,"The agent should volunteer to remove the target obstacle at (17, 23) because it has a significant evacuation impact (0.65) with 13 evacuees nearby. The distance to exit remains the same at 8, and the agent has no current volunteer load, making it feasible to assist without increasing travel burden."
6,-1751566,volunteer,"The estimated evacuation impact of 0.72 indicates a significant benefit to removing the target obstacle, as it would facilitate the evacuation of 20 nearby evacuees. The travel burden to the target obstacle is manageable at a distance of 3 units, and the current volunteer load of 1 is not excessive. Therefore, volunteering to remove the obstacle is the best choice for maximizing evacuation efficiency."
6,-1751580,selfish,"The estimated evacuation impact of removing the target obstacle is 0.60, which is significant, but the travel burden to reach the target obstacle (10.00) is high compared to the distance to exit (5). Additionally, the agent already has a current volunteer load of 2, which may hinder their ability to assist effectively. Therefore, it is more beneficial for the agent to prioritize their own evacuation over volunteering."
6,-1751552,volunteer,"assigned volunteer cleared obstacle"
8,-1751566,volunteer,"assigned volunteer cleared obstacle"
12,-1751552,volunteer,"The agent should volunteer to remove the target obstacle because it has a significant evacuation impact (0.64) with 13 evacuees near the target obstacle. Although the distance to the exit is longer (9.00) for the target obstacle, the overall benefit to the evacuation process outweighs the travel burden and the agent's current volunteer load (0)."
12,-1751566,volunteer,"The estimated evacuation impact of 0.78 indicates a significant benefit to removing the target obstacle, which is crucial given the high number of evacuees (29) near it. The distance to the exit (7) is manageable, and the current volunteer load (1) is low, allowing the agent to assist without a heavy travel burden."
12,-1751580,volunteer,"The estimated evacuation impact of 0.75 indicates a significant benefit to the overall evacuation process by removing the target obstacle. The distance to the exit is only 3, and the target obstacle is just 1 unit away from the exit, which means removing it will facilitate the evacuation of 17 nearby evacuees. Although the agent currently has 2 volunteers, the high evacuation impact outweighs the travel burden and current load."
12,-1751566,volunteer,"assigned volunteer cleared obstacle"
14,-1751552,volunteer,"assigned volunteer cleared obstacle"
14,-1751580,volunteer,"assigned volunteer cleared obstacle"
18,-1751552,volunteer,"The agent should volunteer to remove the target obstacle at (15, 27) because it has a significant evacuation impact (0.74) with 16 evacuees nearby. The distance to the exit from the target obstacle is only 2.00, indicating that removing it will facilitate a quicker evacuation for many individuals. Additionally, the agent has no current volunteer load, making it feasible to assist without a travel burden."
18,-1751566,volunteer,"The estimated evacuation impact of 0.76 indicates a significant benefit to the overall evacuation process by removing the target obstacle. The travel burden to the exit remains manageable at a distance of 5.00 from the target obstacle, and the current volunteer load of 1 is not excessive given the high number of evacuees (24) near the target obstacle. Therefore, volunteering to remove the obstacle is the most beneficial choice."
18,-1751594,volunteer,"The agent should volunteer to remove the target obstacle because the estimated evacuation impact is high (0.74) and there are 18 evacuees near the target obstacle. Although the agent has a current volunteer load of 2, the significant number of evacuees affected and the relatively short distance to the exit (1) justify the decision to assist in removing the obstacle."
18,-1751566,volunteer,"assigned volunteer cleared obstacle"
18,-1751594,volunteer,"assigned volunteer cleared obstacle"
20,-1751552,volunteer,"assigned volunteer cleared obstacle"
24,-1751552,volunteer,"The agent should volunteer to remove the target obstacle because the estimated evacuation impact is significant (0.67), indicating that assisting in the evacuation will greatly benefit the nearby evacuees. The travel burden is manageable as the distance to the exit is only 4, and the agent currently has no volunteer load, making it feasible to help without overextending themselves."
24,-1751566,volunteer,"The agent should volunteer to remove the target obstacle at (2, 14) because it has a significant evacuation impact of 0.77, which indicates that removing this obstacle will greatly aid in the evacuation of 21 nearby evacuees. The distance to the exit is only 2, and the current volunteer load is manageable with only 1 other volunteer. Therefore, the benefits of volunteering outweigh the travel burden."
24,-1751608,volunteer,"The estimated evacuation impact of 0.67 indicates a significant benefit to the overall evacuation process by removing the target obstacle. Although the agent has a current volunteer load of 2 and there are 12 nearby evacuees, the high number of evacuees near the target obstacle (12) suggests that their evacuation would be greatly facilitated by the agent's action. The travel burden to the target obstacle is manageable given the agent's proximity to the exit (3 units away). Therefore, volunteering to remove the obstacle is the best decision for maximizing evacuation efficiency."
24,-1751566,volunteer,"assigned volunteer cleared obstacle"
25,-1751552,volunteer,"assigned volunteer cleared obstacle"
29,-1751608,volunteer,"assigned volunteer cleared obstacle"
30,-1751552,volunteer,"The agent should volunteer to remove the target obstacle because it has a significant evacuation impact (0.67) and there are 8 evacuees near the target obstacle. Removing the obstacle will facilitate their escape, which is a priority. The travel burden is manageable with a distance of 3.00 to the exit, and the agent currently has no volunteer load."
30,-1751608,volunteer,"The agent should volunteer to remove the target obstacle as it has a significant evacuation impact (0.58) and there are evacuees near the target obstacle (3). Although the distance to the exit is longer for the target obstacle (8.00), the overall benefit to the evacuation process outweighs the travel burden and the current volunteer load is manageable."
30,-1751622,volunteer,"The agent should volunteer to remove the target obstacle because it has a significant evacuation impact (0.62) and there are 6 evacuees near the target obstacle. Although the agent has a current volunteer load of 2, the potential benefit to the evacuation process outweighs the travel burden and current load."
30,-1751552,volunteer,"assigned volunteer cleared obstacle"
32,-1751622,volunteer,"assigned volunteer cleared obstacle"
33,-1751608,volunteer,"assigned volunteer cleared obstacle"
36,-1751608,selfish,"The agent should remain selfish because the target obstacle has a significant distance to the exit (11.00), which indicates that removing it would not have a substantial impact on the overall evacuation (estimated evacuation impact is only 0.54). Additionally, the agent is already 8 units away from the exit and has no current volunteer load, making it more beneficial for them to prioritize their own evacuation rather than taking on the burden of removing the obstacle."
36,-1751636,volunteer,"The agent should volunteer to remove the target obstacle because it has a significant evacuation impact (0.62) with 6 evacuees near the target obstacle. The distance to the exit is manageable (3), and the agent has no current volunteer load, making it feasible to assist without a heavy travel burden."
36,-1751762,volunteer,"The estimated evacuation impact of 0.68 indicates a significant benefit to removing the target obstacle, which is close to the exit and affects 9 evacuees. Although the agent has a current volunteer load of 1, the potential positive impact on evacuation outweighs the travel burden and current load."
37,-1751636,volunteer,"assigned volunteer cleared obstacle"
37,-1751762,volunteer,"assigned volunteer cleared obstacle"
42,-1751608,selfish,"The estimated evacuation impact of 0.56 is moderate, but the target obstacle is 9 units away from the exit, which is significant. The agent is currently an evacuee with no volunteer load and is only 6 units from the exit. Given the travel burden to remove the target obstacle and the low number of evacuees near it, the agent should prioritize their own evacuation over volunteering."
42,-1751762,volunteer,"The agent should volunteer to remove the target obstacle because it has a significant evacuation impact (0.57) and there is only one evacuee near the target obstacle. Removing the obstacle will facilitate the evacuation process, outweighing the travel burden and the current volunteer load, which is zero."
42,-1752056,volunteer,"The agent should volunteer to remove the target obstacle because it has a significant estimated evacuation impact of 0.62, which indicates that helping to clear the path will greatly benefit the evacuation process. The travel burden is minimal as the target obstacle is only 3 units away from the exit, and the agent's current volunteer load is manageable with only 1 other volunteer. Therefore, the decision prioritizes the evacuation impact over the other factors."
43,-1752056,volunteer,"assigned volunteer cleared obstacle"
44,-1751762,volunteer,"assigned volunteer cleared obstacle"
48,-1751762,volunteer,"The agent should volunteer to remove the target obstacle because it has a significant evacuation impact (0.57) and there is only one evacuee near the target obstacle. Although the distance to the exit is longer (8.00) for the target obstacle, the overall benefit of facilitating evacuation outweighs the travel burden and the agent's current volunteer load (0)."
48,-1752252,volunteer,"The estimated evacuation impact of 0.56 indicates that removing the target obstacle will significantly aid in the evacuation process. Although the agent has a current volunteer load of 1 and is an evacuee, the potential benefit to the overall evacuation outweighs the travel burden and current load. The agent is positioned close enough to the target obstacle to make a meaningful contribution."
48,-1753092,selfish,"The estimated evacuation impact of removing the target obstacle is 0.55, which is moderate. However, the distance to the exit remains significant at 9, and the agent already has a current volunteer load of 2. Given the travel burden and the existing volunteer load, it is more beneficial for the agent to remain selfish and avoid additional strain."
48,-1752252,volunteer,"assigned volunteer cleared obstacle"
51,-1751762,volunteer,"assigned volunteer cleared obstacle"
54,-1751762,volunteer,"The agent should volunteer to remove the target obstacle because it has a significant evacuation impact (0.56) and there is only one evacuee near the target obstacle. Although the distance to the exit is longer (9.00) for the target obstacle, the agent has no current volunteer load and can help improve the overall evacuation situation."
54,-1752252,volunteer,"The agent should volunteer to remove the target obstacle because the estimated evacuation impact is significant (0.61), and there is only one evacuee near the target obstacle. Although the agent has a current volunteer load of 1, the distance to the exit is short (3), and the travel burden is manageable. Removing the obstacle will facilitate the evacuation process for the nearby evacuee."
57,-1751762,volunteer,"assigned volunteer cleared obstacle"
57,-1752252,volunteer,"assigned volunteer cleared obstacle"
60,-1751762,volunteer,"The agent should volunteer to remove the target obstacle because it has a significant estimated evacuation impact of 0.55, which outweighs the travel burden and current volunteer load. By removing the obstacle, the agent facilitates the evacuation process for themselves and the nearby evacuee, improving overall safety and efficiency."
60,-1753092,volunteer,"The agent should volunteer to remove the target obstacle because it has a significant evacuation impact (0.61) and there is only one evacuee near the target obstacle. The distance to the exit is minimal (1), and the agent's current volunteer load is manageable (1). Removing the obstacle will facilitate the evacuation process for the nearby evacuee, outweighing the travel burden of moving to the target obstacle."
61,-1753092,volunteer,"assigned volunteer cleared obstacle"
63,-1751762,volunteer,"assigned volunteer cleared obstacle"
66,-1751762,volunteer,"The agent should volunteer to remove the target obstacle because it has a significant evacuation impact (0.56) and there is only one evacuee near the target obstacle. Removing the obstacle will facilitate the evacuation process, despite the travel burden and the agent's current volunteer load being zero."
66,-1751762,volunteer,"assigned volunteer cleared obstacle"
72,-1751762,volunteer,"The agent should volunteer to remove the target obstacle because it has a significant evacuation impact (0.53) and there is only one evacuee near the target obstacle. Although the distance to the exit for the target obstacle is 12.00, the agent's current position allows for a manageable travel burden. Additionally, the agent has no current volunteer load, making it feasible to assist in this situation."
75,-1751762,volunteer,"assigned volunteer cleared obstacle"
78,-1751762,volunteer,"The agent should volunteer to remove the target obstacle because it has a significant evacuation impact (0.52) and there is only one evacuee near the target obstacle. Although the distance to the exit is longer (13.00) for the target obstacle, the overall benefit of facilitating evacuation outweighs the travel burden and the agent's current volunteer load (0)."
81,-1751762,volunteer,"assigned volunteer cleared obstacle"
1,-1753658,volunteer,"The agent should volunteer to remove the target obstacle at (15, 4) because it has a significant evacuation impact (0.70) and there are 14 evacuees near the target obstacle. Removing this obstacle will facilitate the evacuation of multiple individuals, outweighing the travel burden and the current volunteer load, which is zero."
1,-1753672,volunteer,"The estimated evacuation impact of removing the target obstacle is significant (0.71), which indicates a strong benefit to the overall evacuation process. The distance to the exit is relatively short (6), and the travel burden of moving to the target obstacle (1 unit away) is manageable. Although the agent currently has 1 volunteer load, the high number of evacuees (17) near the target obstacle further emphasizes the importance of addressing this obstacle to facilitate a smoother evacuation."
1,-1753686,volunteer,"The estimated evacuation impact of 0.61 indicates a significant benefit to removing the target obstacle, especially with 12 evacuees nearby. Although the agent has a current volunteer load of 2, the potential positive impact on evacuation outweighs the travel burden and current load."
1,-1753658,volunteer,"assigned volunteer cleared obstacle"
1,-1753672,volunteer,"assigned volunteer cleared obstacle"
1,-1753686,volunteer,"assigned volunteer cleared obstacle"
6,-1753672,volunteer,"The estimated evacuation impact of 0.72 indicates that removing the target obstacle will significantly aid in the evacuation process, especially with 15 evacuees nearby. The distance to the exit is only 4, and the target obstacle is just 3 units away from the exit, making it a critical point to address. Additionally, the agent has no current volunteer load, making it feasible to assist without a significant travel burden."
6,-1753686,volunteer,"The estimated evacuation impact of removing the target obstacle is significant (0.64), which indicates that it would greatly facilitate the evacuation process for the nearby evacuees. Although the agent has a current volunteer load of 1 and is positioned relatively close to the exit (5 units away), the presence of 6 evacuees near the target obstacle suggests that their evacuation is critical. Therefore, volunteering to remove the obstacle is the best decision to maximize evacuation efficiency."
6,-1753700,volunteer,"The agent should volunteer to remove the target obstacle because the estimated evacuation impact is significant (0.63), indicating that assisting in the removal will greatly benefit the overall evacuation process. Although the agent has a current volunteer load of 2, the high number of evacuees (16) near the target obstacle and the relatively manageable distance to the exit (11) suggest that the travel burden is acceptable. Prioritizing evacuation impact over personal burden aligns with the goal of ensuring safety for all evacuees."
6,-1753672,volunteer,"assigned volunteer cleared obstacle"
6,-1753686,volunteer,"assigned volunteer cleared obstacle"
6,-1753700,volunteer,"assigned volunteer cleared obstacle"
12,-1753672,volunteer,"The estimated evacuation impact of 0.74 indicates that removing the target obstacle will significantly aid in the evacuation process. The agent is positioned only 1 unit away from the exit and has no current volunteer load, making it feasible to assist without a substantial travel burden. Additionally, there are 17 evacuees near the target obstacle, highlighting the urgency and importance of the agent's contribution to the overall evacuation effort."
12,-1753700,volunteer,"The agent should volunteer to remove the target obstacle because it has a significant evacuation impact (0.54) and there are evacuees (4) near the target obstacle. Although the agent has a current volunteer load of 1, the potential benefit to the evacuation process outweighs the travel burden and current load."
12,-1753714,volunteer,"The agent should volunteer to remove the target obstacle because the estimated evacuation impact is high (0.73), indicating that assisting in the evacuation will significantly benefit the nearby evacuees. The distance to the exit is short (3), and the target obstacle is only 1 unit away from the exit, which means removing it will facilitate a quicker evacuation for the 13 evacuees nearby. Although the agent has 2 current volunteers, the high impact on evacuation outweighs the travel burden and current load."
12,-1753672,volunteer,"assigned volunteer cleared obstacle"
14,-1753714,volunteer,"assigned volunteer cleared obstacle"
15,-1753700,volunteer,"assigned volunteer cleared obstacle"
18,-1753700,volunteer,"The agent should volunteer to remove the target obstacle at (16, 12) because it has a significant evacuation impact (0.54) and there are 4 evacuees near the target obstacle. Removing this obstacle will facilitate their escape, outweighing the travel burden and the agent's current volunteer load, which is zero."
18,-1753742,volunteer,"The estimated evacuation impact of 0.63 indicates that removing the target obstacle will significantly aid the evacuation process, especially with 7 evacuees nearby. The travel burden is manageable with a distance of 6.00 to the exit, and the agent's current volunteer load is low at 1. Thus, volunteering to remove the obstacle is the best choice for maximizing evacuation efficiency."
18,-1753756,volunteer,"The estimated evacuation impact of 0.72 indicates a significant benefit to removing the target obstacle, which is crucial given the presence of 17 evacuees near it. Although the agent has a current volunteer load of 2, the proximity to the exit (1 unit away) and the relatively low travel burden to the target obstacle (4 units away) justify the decision to volunteer, as it prioritizes the overall evacuation impact."
18,-1753742,volunteer,"assigned volunteer cleared obstacle"
19,-1753756,volunteer,"assigned volunteer cleared obstacle"
21,-1753700,volunteer,"assigned volunteer cleared obstacle"
24,-1753700,volunteer,"The agent should volunteer to remove the target obstacle at (20, 8) because it has a significant estimated evacuation impact of 0.52, which indicates that removing this obstacle will greatly aid in the evacuation process. The travel burden is manageable, as the distance to the exit is 10, and the agent has no current volunteer load. Therefore, prioritizing the evacuation impact justifies the decision to volunteer."
24,-1753742,volunteer,"The estimated evacuation impact of 0.73 indicates a significant benefit to removing the target obstacle, which is crucial given that there are 15 evacuees near it. The distance to the exit is manageable at 2.00, and although the agent currently has 1 volunteer load, the overall benefit to the evacuation process outweighs the travel burden."
24,-1753756,volunteer,"The estimated evacuation impact of 0.75 indicates a significant benefit to the overall evacuation process by removing the target obstacle. The distance to the exit is only 2, which suggests that the travel burden is manageable. Although the agent currently has 2 volunteers, the high number of evacuees (19) near the target obstacle makes it critical to assist in their evacuation."
24,-1753756,volunteer,"assigned volunteer cleared obstacle"
26,-1753700,volunteer,"assigned volunteer cleared obstacle"
26,-1753742,volunteer,"assigned volunteer cleared obstacle"
30,-1753700,volunteer,"The estimated evacuation impact of 0.59 indicates a significant benefit to the overall evacuation process by removing the target obstacle. The agent is currently not overloaded with volunteer duties (0 current volunteers) and the travel burden to the target obstacle (9 distance to exit) is manageable. Therefore, volunteering to remove the obstacle is the best choice for maximizing evacuation efficiency."
30,-1753770,volunteer,"The estimated evacuation impact of 0.72 indicates that removing the target obstacle will significantly aid in the evacuation process. Although the agent has a current volunteer load of 1, the high number of evacuees (17) near the target obstacle and the proximity to the exit (4 units) suggest that volunteering will facilitate a quicker evacuation for many individuals, outweighing the travel burden and current load."
30,-1753784,volunteer,"The estimated evacuation impact of 0.68 indicates that removing the target obstacle will significantly aid in the evacuation process, especially with 15 evacuees near the target obstacle. Although the agent has a current volunteer load of 2, the high number of nearby obstacles (65) and the proximity to the exit (6 units) suggest that assisting in this situation is crucial for overall evacuation success."
30,-1753700,volunteer,"assigned volunteer cleared obstacle"
30,-1753784,volunteer,"assigned volunteer cleared obstacle"
35,-1753770,volunteer,"assigned volunteer cleared obstacle"
36,-1753700,volunteer,"The agent should volunteer to remove the target obstacle because it is located near 6 evacuees, which indicates a significant evacuation impact (0.60). Removing the obstacle will facilitate the evacuation process for multiple individuals, outweighing the travel burden of moving to the obstacle (5 units away) and the fact that the agent currently has no volunteer load."
36,-1753742,volunteer,"The agent should volunteer to remove the target obstacle because it has a significant evacuation impact (0.60) and there are 5 evacuees near the target obstacle who would benefit from its removal. Although the distance to the exit is longer (8.00) after removing the obstacle, the overall benefit to the evacuation process outweighs the travel burden and the current volunteer load is manageable."
36,-1753770,volunteer,"The estimated evacuation impact of 0.71 indicates a significant benefit to the overall evacuation process by removing the target obstacle. The distance to the exit is only 4, and the target obstacle is just 1 unit away from the exit, which means that removing it will facilitate the evacuation of 11 nearby evacuees. Although the agent currently has 2 volunteers, the high impact of assisting in this situation outweighs the travel burden and current load."
39,-1753742,volunteer,"assigned volunteer cleared obstacle"
39,-1753770,volunteer,"assigned volunteer cleared obstacle"
40,-1753700,volunteer,"assigned volunteer cleared obstacle"
42,-1753700,volunteer,"The agent should volunteer to remove the target obstacle because the estimated evacuation impact is significant (0.58), indicating that assisting in the evacuation process will greatly benefit the overall situation. The travel burden is manageable, as the agent is only 6 units away from the exit and has no current volunteer load. Removing the obstacle will help the 2 nearby evacuees and facilitate their escape."
42,-1753742,volunteer,"The estimated evacuation impact of 0.61 indicates a significant benefit to the overall evacuation process by removing the target obstacle. Although the agent has a current volunteer load of 1 and will incur a travel burden to reach the target obstacle, the presence of 5 evacuees near the target obstacle suggests that their removal will facilitate a smoother evacuation for multiple individuals. Prioritizing evacuation impact justifies the decision to volunteer."
42,-1753770,volunteer,"The estimated evacuation impact of 0.65 indicates that removing the target obstacle will significantly aid in the evacuation process. Although the agent has a current volunteer load of 2, the proximity to the exit (2 units away) and the presence of 6 evacuees near the target obstacle suggest that volunteering will facilitate a quicker evacuation for multiple individuals, outweighing the travel burden and current load."
43,-1753742,volunteer,"assigned volunteer cleared obstacle"
43,-1753770,volunteer,"assigned volunteer cleared obstacle"
45,-1753700,volunteer,"assigned volunteer cleared obstacle"
48,-1753700,volunteer,"The agent should volunteer to remove the target obstacle because it has a significant evacuation impact (0.60) and there are evacuees near the target obstacle (2). The distance to the exit for the target obstacle is also relatively short (6.00), making it feasible for the agent to assist without a substantial travel burden. Additionally, the agent currently has no volunteer load, allowing them to contribute effectively."
48,-1753742,selfish,"The estimated evacuation impact of removing the target obstacle is moderate (0.57), but the distance to the exit for the target obstacle is 8.00, which is greater than the agent's current distance to exit (5). Additionally, the agent already has a current volunteer load of 1 and there are 56 nearby obstacles, indicating a high burden. Therefore, the agent should prioritize their own evacuation over volunteering."
48,-1754218,volunteer,"The estimated evacuation impact of 0.65 indicates a significant benefit to the overall evacuation process by removing the target obstacle. The agent is only 2 units away from the exit and has a manageable current volunteer load of 1. Although there are 56 nearby obstacles, the presence of 3 evacuees near the target obstacle suggests that their removal will facilitate the evacuation of multiple individuals, outweighing the travel burden of the agent."
50,-1753700,volunteer,"assigned volunteer cleared obstacle"
51,-1754218,volunteer,"assigned volunteer cleared obstacle"
54,-1753742,volunteer,"The agent should volunteer to remove the target obstacle because it has a significant evacuation impact (0.55) and there is only one evacuee near the target obstacle. Although the target obstacle is 10 units away from the exit, the agent's current position allows for a manageable travel burden. Additionally, the agent has no current volunteer load, making it feasible to assist in the evacuation effort."
54,-1754386,selfish,"The estimated evacuation impact of removing the target obstacle is 0.59, which is moderate but not high enough to outweigh the travel burden of moving to the target obstacle (6.00 distance to exit) and the current volunteer load (1). The agent is closer to the exit and should prioritize their own evacuation over a moderate impact on the overall evacuation."
54,-1754526,volunteer,"The agent should volunteer to remove the target obstacle because it has a significant evacuation impact (0.62) and there is only one evacuee near the target obstacle. The distance to the exit is short (1), and the travel burden is manageable given the current volunteer load (1). Removing the obstacle will facilitate the evacuation process for the nearby evacuee."
55,-1754526,volunteer,"assigned volunteer cleared obstacle"
57,-1753742,volunteer,"assigned volunteer cleared obstacle"
60,-1753742,volunteer,"The agent should volunteer to remove the target obstacle because it has a significant evacuation impact (0.54) and there is only one evacuee near the target obstacle. Removing the obstacle will facilitate the evacuation process, despite the travel burden of 11.00 to the exit. The agent currently has no volunteer load, making it feasible to assist."
63,-1753742,volunteer,"assigned volunteer cleared obstacle"
66,-1753742,volunteer,"The agent should volunteer to remove the target obstacle at (13, 13) because it has a significant evacuation impact of 0.52, which outweighs the travel burden of moving to the obstacle. Additionally, the agent has no current volunteer load, making it feasible to assist without overextending themselves."
69,-1753742,volunteer,"assigned volunteer cleared obstacle"
72,-1753742,volunteer,"The agent should volunteer to remove the target obstacle because it has a significant evacuation impact (0.52) and there is only one evacuee near the target obstacle. Removing the obstacle will facilitate the evacuation process, outweighing the travel burden and the current volunteer load, which is zero."
75,-1753742,volunteer,"assigned volunteer cleared obstacle"
78,-1753742,volunteer,"The agent should volunteer to remove the target obstacle because it has a significant evacuation impact (0.52) and there is only one evacuee near the target obstacle. By volunteering, the agent can facilitate the evacuation process for the nearby evacuee, which is a priority. The travel burden is manageable as the distance to the exit is still reasonable (15), and the agent currently has no volunteer load."
79,-1753742,volunteer,"assigned volunteer cleared obstacle"
84,-1753742,volunteer,"The agent should volunteer to remove the target obstacle because it has a significant estimated evacuation impact of 0.54, which indicates that assisting in the evacuation process is crucial. The travel burden is manageable with a distance to exit of 12, and the agent currently has no volunteer load, making it feasible to help without overextending themselves."
84,-1753742,volunteer,"assigned volunteer cleared obstacle"
90,-1753742,volunteer,"The agent should volunteer to remove the target obstacle at (14, 21) because it has a significant evacuation impact of 0.57, which indicates that removing this obstacle will facilitate the evacuation of nearby evacuees. The travel burden is manageable as the distance to the exit remains the same (8) after removing the obstacle. Additionally, the agent currently has no volunteer load, making it feasible to assist without overextending themselves."
90,-1753742,volunteer,"assigned volunteer cleared obstacle"
96,-1753742,volunteer,"The estimated evacuation impact of removing the target obstacle is significant (0.59), which outweighs the travel burden and current volunteer load. By volunteering, the agent can facilitate the evacuation of nearby evacuees and improve overall evacuation efficiency."
97,-1753742,volunteer,"assigned volunteer cleared obstacle"
102,-1753742,volunteer,"The agent should volunteer to remove the target obstacle because the estimated evacuation impact is significant (0.60), which indicates that helping to clear the path will greatly benefit the evacuation process. The travel burden is manageable as the distance to the exit is only 3, and the agent currently has no volunteer load, making it feasible to assist without overextending themselves."
102,-1753742,volunteer,"assigned volunteer cleared obstacle"
1,-1755764,volunteer,"The agent should volunteer to remove the target obstacle because the estimated evacuation impact is high (0.70), indicating that assisting in this situation will significantly benefit the overall evacuation process. Although the target obstacle is 8 units from the exit, the presence of 21 evacuees near it suggests that removing the obstacle could facilitate their escape. The agent has no current volunteer load, making it feasible to assist without additional travel burden."
1,-1755778,volunteer,"The estimated evacuation impact of 0.67 indicates a significant benefit to the overall evacuation process by removing the target obstacle. The agent is positioned relatively close to the exit (5 units away) and the target obstacle is also 5 units away, making the travel burden manageable. Although the agent currently has 1 volunteer load, the high number of evacuees (11) near the target obstacle suggests that removing it would greatly facilitate their evacuation, thus prioritizing evacuation impact over the current volunteer load."
1,-1755792,volunteer,"The estimated evacuation impact of removing the target obstacle is significant (0.70), which indicates that it would greatly facilitate the evacuation process for the nearby evacuees (20). The travel burden to the target obstacle is manageable, and the current volunteer load (2) is not excessive compared to the potential benefit of aiding a larger group. Therefore, volunteering is the most beneficial choice."
1,-1755764,volunteer,"assigned volunteer cleared obstacle"
1,-1755778,volunteer,"assigned volunteer cleared obstacle"
6,-1755764,volunteer,"The estimated evacuation impact of 0.77 indicates a significant benefit to the overall evacuation process by removing the target obstacle. The distance to the exit is only 6, and the target obstacle is 4 units away from the exit, which suggests that removing it will facilitate the evacuation of 24 nearby evacuees. Since the agent has no current volunteer load, the travel burden is manageable, making volunteering the optimal choice."
6,-1755778,volunteer,"The agent should volunteer to remove the target obstacle because it is located near a significant number of evacuees (8) and has a high estimated evacuation impact (0.68). The distance to the exit from the target obstacle is only 2.00, indicating that removing it would facilitate a quicker evacuation for those nearby. Although the agent has a current volunteer load of 1, the evacuation impact takes precedence over the travel burden and current load, making volunteering the optimal choice."
6,-1755792,volunteer,"The estimated evacuation impact of removing the target obstacle is significant (0.62), which indicates that it would greatly benefit the overall evacuation effort. Although the agent has a current volunteer load of 2 and is an evacuee, the high number of evacuees (14) near the target obstacle and the distance to exit (11.00) suggest that removing this obstacle would facilitate a quicker evacuation for many. Therefore, the agent should prioritize the evacuation impact over personal burden."
7,-1755764,volunteer,"assigned volunteer cleared obstacle"
7,-1755792,volunteer,"assigned volunteer cleared obstacle"
8,-1755778,volunteer,"assigned volunteer cleared obstacle"
12,-1755764,volunteer,"The agent should volunteer to remove the target obstacle because it is located close to the exit (2.00 distance) and there are 22 evacuees near it, indicating a high evacuation impact (0.78). The agent has no current volunteer load, making it feasible to assist without significant travel burden."
12,-1755778,selfish,"The agent is positioned very close to the exit (1 unit away) and has a low estimated evacuation impact (0.59) from removing the target obstacle. Additionally, the agent already has a current volunteer load of 1, and the travel burden to remove the obstacle (6 units away) is significant compared to the immediate benefit of reaching the exit. Therefore, it is more beneficial for the agent to prioritize their own evacuation."
12,-1755792,volunteer,"The estimated evacuation impact of 0.67 indicates a significant benefit to the overall evacuation process by removing the target obstacle. Although the agent has a current volunteer load of 1 and there are 17 evacuees near the target obstacle, the potential positive impact on evacuation outweighs the travel burden and current load. Therefore, volunteering to remove the target obstacle is the best decision."
13,-1755764,volunteer,"assigned volunteer cleared obstacle"
14,-1755792,volunteer,"assigned volunteer cleared obstacle"
18,-1755764,volunteer,"The estimated evacuation impact of 0.61 indicates a significant benefit to the overall evacuation process by removing the target obstacle. Although the distance to the exit is only 3, the presence of 5 evacuees near the target obstacle suggests that their evacuation could be hindered. Volunteering to remove the obstacle will facilitate their escape, outweighing the travel burden and the current volunteer load, which is zero."
18,-1755792,volunteer,"The estimated evacuation impact of 0.60 indicates that removing the target obstacle will significantly aid in the evacuation process, especially with 8 evacuees near the target obstacle. Although the agent has a current volunteer load of 1, the potential benefit to the overall evacuation outweighs the travel burden and current load."
18,-1755806,volunteer,"The estimated evacuation impact of 0.72 indicates that removing the target obstacle will significantly aid the evacuation process, especially with 15 evacuees nearby. The travel burden is minimal as the agent is only 1 unit away from the exit, and the current volunteer load of 2 is manageable given the high impact of the action."
20,-1755764,volunteer,"assigned volunteer cleared obstacle"
20,-1755792,volunteer,"assigned volunteer cleared obstacle"
20,-1755806,volunteer,"assigned volunteer cleared obstacle"
24,-1755764,volunteer,"The agent should volunteer to remove the target obstacle because the estimated evacuation impact is significant (0.60), which indicates that assisting in the evacuation process is crucial. The travel burden is manageable as the distance to the exit is only 3, and the agent currently has no volunteer load. By volunteering, the agent can help clear the path for 2 nearby evacuees, enhancing the overall evacuation effort."
24,-1755792,volunteer,"The agent should volunteer to remove the target obstacle because it has a significant evacuation impact (0.55) and there are evacuees (3) near the target obstacle. Although the distance to the exit is longer (11.00) for the target obstacle, the overall benefit to the evacuation process outweighs the travel burden and the current volunteer load (1)."
24,-1755820,volunteer,"The estimated evacuation impact of 0.74 indicates a significant benefit to the overall evacuation process by removing the target obstacle. Although the agent has a current volunteer load of 2, the high number of evacuees (21) near the target obstacle and the relatively short distance to exit (4) suggest that volunteering will facilitate the evacuation of many individuals, outweighing the travel burden of removing the obstacle."
25,-1755820,volunteer,"assigned volunteer cleared obstacle"
26,-1755792,volunteer,"assigned volunteer cleared obstacle"
27,-1755764,volunteer,"assigned volunteer cleared obstacle"
30,-1755792,volunteer,"The agent should volunteer to remove the target obstacle as it has a significant evacuation impact (0.55) and there is only one evacuee near the target obstacle. Removing the obstacle will facilitate the evacuation process, despite the travel burden and the agent's current volunteer load being zero."
30,-1755820,volunteer,"The estimated evacuation impact of 0.70 indicates that removing the target obstacle will significantly aid in the evacuation process. Although the agent has a current volunteer load of 1 and the travel burden to the target obstacle is 4.00, the high number of evacuees (14) near the target obstacle suggests that their removal will benefit many. Prioritizing evacuation impact over travel burden and current load justifies the decision to volunteer."
30,-1755834,volunteer,"The estimated evacuation impact of 0.69 indicates a significant benefit to the overall evacuation process by removing the target obstacle. Although the agent has a current volunteer load of 2, the travel burden to the target obstacle is manageable, and the presence of 13 evacuees near the target obstacle highlights the urgency of the situation. Therefore, volunteering to remove the obstacle is the best choice for maximizing evacuation efficiency."
30,-1755834,volunteer,"assigned volunteer cleared obstacle"
32,-1755792,volunteer,"assigned volunteer cleared obstacle"
36,-1755792,volunteer,"The estimated evacuation impact of 0.55 indicates a significant benefit to the overall evacuation process by removing the target obstacle. Although the target obstacle is 10 units away from the exit, the agent's current distance to the exit is only 5 units, suggesting that the travel burden is manageable. Additionally, the agent has no current volunteer load, making it feasible to assist without overextending themselves."
36,-1755834,volunteer,"The agent should volunteer to remove the target obstacle because the estimated evacuation impact is significant (0.63), indicating that assisting in the removal will greatly benefit the evacuation process. The travel burden is manageable as the distance to the exit is only 2, and the current volunteer load is low (1). Removing the obstacle will help the 7 evacuees near it, improving their chances of evacuation."
36,-1755890,selfish,"The agent is an evacuee positioned very close to the exit (1 unit away) and has a low estimated evacuation impact (0.61) from removing the target obstacle. Additionally, there are already 2 current volunteers, which indicates that the evacuation effort is being adequately supported without the agent's involvement. The travel burden to remove the obstacle (6 units to the target obstacle) is significant compared to the minimal impact it would have on the overall evacuation process."
39,-1755792,volunteer,"assigned volunteer cleared obstacle"
39,-1755834,volunteer,"assigned volunteer cleared obstacle"
42,-1755792,volunteer,"The agent should volunteer to remove the target obstacle because it has a significant evacuation impact (0.52) and there is only one evacuee near the target obstacle. Although the distance to the exit is longer for the target obstacle (13.00), the overall benefit of facilitating evacuation outweighs the travel burden and the agent's current volunteer load (0)."
42,-1755960,volunteer,"The agent should volunteer to remove the target obstacle at (13, 1) because it has a significant evacuation impact (0.70) and is located just 1 unit away from the exit. Although there are 63 nearby obstacles and the agent has a current volunteer load of 1, the immediate benefit of facilitating the evacuation for 9 nearby evacuees outweighs the travel burden and current load."
42,-1756016,volunteer,"The estimated evacuation impact of 0.65 indicates a significant benefit to removing the target obstacle, especially since there are 8 evacuees near it. The distance to the exit is the same for the target obstacle and the agent, and the current volunteer load of 2 is manageable given the potential positive impact on evacuation."
42,-1755960,volunteer,"assigned volunteer cleared obstacle"
42,-1756016,volunteer,"assigned volunteer cleared obstacle"
45,-1755792,volunteer,"assigned volunteer cleared obstacle"
48,-1756016,volunteer,"The agent should volunteer to remove the target obstacle at (16, 3) because it has a significant evacuation impact of 0.64, which indicates that helping to clear this obstacle will facilitate the evacuation of 5 nearby evacuees. The distance to the exit is only 3, and the agent has no current volunteer load, making it feasible to assist without a significant travel burden."
48,-1756086,selfish,"The estimated evacuation impact of removing the target obstacle is 0.58, which is moderate, but the agent's distance to exit is only 6, indicating they can reach the exit without removing the obstacle. Additionally, the agent already has a current volunteer load of 1 and there are many nearby obstacles (60), making the travel burden to remove the target obstacle (7.00) significant compared to the evacuation impact. Therefore, it is more beneficial for the agent to remain selfish and prioritize their own evacuation."
48,-1756324,volunteer,"The agent should volunteer to remove the target obstacle at (16, 3) because it has a significant evacuation impact of 0.63, which indicates that removing this obstacle will greatly aid the evacuation process. The distance to the exit is only 4 units from the target obstacle, and there are 4 evacuees nearby who would benefit from this action. Although the agent has a current volunteer load of 1, the positive impact on evacuation outweighs the travel burden and current load."
48,-1756016,volunteer,"assigned volunteer cleared obstacle"
54,-1756086,volunteer,"The agent should volunteer to remove the target obstacle because it has a significant evacuation impact (0.57) and there is only one evacuee near the target obstacle. The distance to the exit is manageable (5), and the agent has no current volunteer load, making it feasible to assist in the evacuation effort."
54,-1756324,volunteer,"The agent should volunteer to remove the target obstacle at (12, 5) because it has a significant evacuation impact of 0.61, which indicates that removing this obstacle will greatly aid the evacuation process. Although the agent has a current volunteer load of 1 and there are 3 nearby evacuees, the distance to the exit is only 4, making it feasible to assist without a substantial travel burden. Prioritizing the evacuation impact aligns with the goal of facilitating a smoother evacuation for all involved."
54,-1756394,volunteer,"The estimated evacuation impact of 0.63 indicates that removing the target obstacle will significantly aid in the evacuation process. The distance to the exit is only 3, and the target obstacle is 2 away from the exit, meaning that removing it will facilitate quicker access for evacuees. Although the agent has a current volunteer load of 2, the high evacuation impact outweighs the travel burden and current load considerations."
54,-1756394,volunteer,"assigned volunteer cleared obstacle"
56,-1756086,volunteer,"assigned volunteer cleared obstacle"
56,-1756324,volunteer,"assigned volunteer cleared obstacle"
60,-1756086,volunteer,"The agent should volunteer to remove the target obstacle at (15, 20) because it has a significant estimated evacuation impact of 0.56, which outweighs the travel burden of moving to the obstacle. Additionally, the agent has no current volunteer load, making it feasible to assist in this situation."
60,-1756324,volunteer,"The agent should volunteer to remove the target obstacle because the estimated evacuation impact is significant (0.62), indicating that removing the obstacle will greatly aid in the evacuation process. Although the agent has a current volunteer load of 1 and there are 56 nearby obstacles, the immediate benefit of facilitating the exit for 2 evacuees near the target obstacle outweighs the travel burden and current load."
60,-1756646,selfish,"The agent should remain selfish because the evacuation impact of removing the target obstacle is relatively low (0.61), and the agent is already carrying a current volunteer load of 2. Additionally, the distance to the exit is only 2, making it more efficient for the agent to prioritize their own evacuation rather than taking on the burden of removing the obstacle."
61,-1756086,volunteer,"assigned volunteer cleared obstacle"
61,-1756324,volunteer,"assigned volunteer cleared obstacle"
66,-1756086,volunteer,"The agent should volunteer to remove the target obstacle because it has a significant evacuation impact (0.55) and there is only one evacuee near the target obstacle. Although the distance to the exit is longer (10.00) for the target obstacle, the overall evacuation impact takes precedence over travel burden and current volunteer load, which is zero."
66,-1756086,volunteer,"assigned volunteer cleared obstacle"
72,-1756086,volunteer,"The estimated evacuation impact of 0.56 indicates that removing the target obstacle will significantly aid in the evacuation process. Although the target obstacle is 9 units away from the exit, the agent has no current volunteer load and can contribute positively to the evacuation effort without a significant travel burden."
75,-1756086,volunteer,"assigned volunteer cleared obstacle"
78,-1756086,volunteer,"The agent should volunteer to remove the target obstacle because it has a significant evacuation impact (0.54) and there is only one evacuee near the target obstacle. The travel burden is manageable as the distance to the exit is still relatively short (7). Additionally, the agent currently has no volunteer load, making it feasible to assist without overburdening themselves."
80,-1756086,volunteer,"assigned volunteer cleared obstacle"
90,-1756086,selfish,"The agent should remain selfish because the target obstacle has a high distance to exit (9.00), which indicates that removing it would not significantly improve the evacuation impact (0.56) given the agent's own proximity to the exit (4). Additionally, the agent has no current volunteer load, but the travel burden to the target obstacle is not justified by the low evacuation impact."
1,-1757870,volunteer,"The estimated evacuation impact of 0.68 indicates that removing the target obstacle will significantly aid the evacuation process. Although the distance to the exit is 11 and the target obstacle is 12 away, the presence of 24 evacuees near the target obstacle suggests that their evacuation is critical. Additionally, the agent has no current volunteer load, making it feasible to assist without a significant travel burden."
1,-1757884,volunteer,"The estimated evacuation impact of 0.67 indicates that removing the target obstacle will significantly aid in the evacuation process, especially with 22 evacuees near the target obstacle. Although the distance to the exit is 8 and the target obstacle is 12 away, the high number of evacuees affected and the potential to improve their evacuation outweighs the travel burden and the current volunteer load."
1,-1757898,volunteer,"The estimated evacuation impact of removing the target obstacle is significant (0.67), which indicates that it would greatly benefit the evacuation process. Although the agent has a current volunteer load of 2 and there are 80 nearby obstacles, the high number of evacuees (17) near the target obstacle and the distance to exit (8) suggest that volunteering would facilitate a quicker evacuation for many individuals. Therefore, the agent should prioritize the evacuation impact and volunteer."
1,-1757870,volunteer,"assigned volunteer cleared obstacle"
1,-1757898,volunteer,"assigned volunteer cleared obstacle"
3,-1757884,volunteer,"assigned volunteer cleared obstacle"
6,-1757870,volunteer,"The agent should volunteer to remove the target obstacle at (6, 16) because it has a significant evacuation impact of 0.68, which indicates that assisting in this situation will greatly benefit the overall evacuation process. Additionally, the agent has no current volunteer load, making it feasible to assist without adding a travel burden. The presence of 16 evacuees near the target obstacle further emphasizes the urgency and importance of removing it to facilitate their escape."
6,-1757884,volunteer,"The estimated evacuation impact of 0.68 indicates that removing the target obstacle will significantly aid in the evacuation process, especially with 21 evacuees near the target obstacle. Although the distance to the exit is 8 and the target obstacle is 10 away, the high number of evacuees affected and the potential positive impact on their evacuation outweighs the travel burden and the current volunteer load."
6,-1757898,volunteer,"The estimated evacuation impact of removing the target obstacle is significant (0.67), which outweighs the travel burden and current volunteer load. By volunteering, the agent can help facilitate the evacuation of 15 nearby evacuees, making it a priority to assist in their safe exit."
6,-1757870,volunteer,"assigned volunteer cleared obstacle"
8,-1757884,volunteer,"assigned volunteer cleared obstacle"
12,-1757870,volunteer,"The agent should volunteer to remove the target obstacle because it has a significant evacuation impact (0.64) and there are 13 evacuees near the target obstacle. Removing it will facilitate the evacuation process for a larger number of people, outweighing the travel burden and the current volunteer load, which is zero."
12,-1757884,volunteer,"The agent should volunteer to remove the target obstacle at (13, 8) because it has a significant evacuation impact (0.67) with 16 evacuees nearby. The distance to the exit from the target obstacle is 8.00, which is manageable given the agent's current distance to exit of 9. The travel burden is acceptable, and the current volunteer load is low (only 1). Therefore, volunteering will enhance overall evacuation efforts."
12,-1757898,volunteer,"The estimated evacuation impact of 0.75 indicates that removing the target obstacle will significantly aid in the evacuation process, especially with 20 evacuees nearby. The distance to the exit is only 3, and the agent's current volunteer load of 2 is manageable given the high impact of their action."
12,-1757898,volunteer,"assigned volunteer cleared obstacle"
13,-1757870,volunteer,"assigned volunteer cleared obstacle"
13,-1757884,volunteer,"assigned volunteer cleared obstacle"
18,-1757870,volunteer,"The estimated evacuation impact of removing the target obstacle is significant (0.71), which outweighs the travel burden and the current volunteer load. By volunteering, the agent contributes positively to the overall evacuation effort, especially given the high number of evacuees (18) near the target obstacle."
18,-1757884,volunteer,"The estimated evacuation impact of 0.81 indicates that removing the target obstacle will significantly aid the evacuation process. Although the agent has a current volunteer load of 1, the high number of evacuees (29) near the target obstacle and its proximity to the exit (3.00) suggest that volunteering will greatly benefit the overall evacuation effort."
18,-1757898,volunteer,"The estimated evacuation impact of 0.72 indicates that removing the target obstacle will significantly aid the evacuation process. Although the agent has a current volunteer load of 2, the proximity to the exit (3 units away) and the presence of 17 evacuees near the target obstacle suggest that volunteering will facilitate a quicker exit for many individuals, outweighing the travel burden and current load."
18,-1757898,volunteer,"assigned volunteer cleared obstacle"
19,-1757884,volunteer,"assigned volunteer cleared obstacle"
20,-1757870,volunteer,"assigned volunteer cleared obstacle"
24,-1757870,volunteer,"The estimated evacuation impact of 0.56 indicates a significant benefit to removing the target obstacle, which is crucial for the evacuation process. Although the distance to the exit is 8 and the target obstacle is 11 away, the presence of 4 evacuees near the target obstacle suggests that their evacuation is hindered. Since the agent has no current volunteer load, volunteering to remove the obstacle will facilitate the evacuation of others, outweighing the travel burden."
24,-1757884,volunteer,"The agent should volunteer to remove the target obstacle because the estimated evacuation impact is high (0.73) and there are 15 evacuees near the target obstacle. Removing the obstacle will significantly aid in the evacuation process. The travel burden is minimal as the target obstacle is only 1 position away, and the agent's current volunteer load is low (1). Therefore, the benefits of volunteering outweigh the costs."
24,-1757898,volunteer,"The agent should volunteer to remove the target obstacle because it has a significant evacuation impact (0.71) and there are 11 evacuees near the target obstacle. The distance to the exit is only 3, and the target obstacle is just 1 unit away from the exit, which means removing it will facilitate the evacuation of multiple individuals. Although the agent has a current volunteer load of 2, the high evacuation impact outweighs the travel burden and current load considerations."
24,-1757884,volunteer,"assigned volunteer cleared obstacle"
25,-1757870,volunteer,"assigned volunteer cleared obstacle"
25,-1757898,volunteer,"assigned volunteer cleared obstacle"
30,-1757870,selfish,"The agent should remain selfish because the target obstacle is too far from the exit (11.00) and the evacuation impact is relatively low (0.54). Additionally, the agent is currently an evacuee with no current volunteer load, and the nearby obstacles are numerous (66), indicating that the burden of removing this specific obstacle may not significantly improve the overall evacuation situation."
30,-1757898,volunteer,"The agent should volunteer to remove the target obstacle as it has a significant evacuation impact (0.63) and there are evacuees near the target obstacle (4). The distance to the exit is manageable (3), and the agent currently has no volunteer load, making it feasible to assist without a significant travel burden."
30,-1758024,volunteer,"The agent should volunteer to remove the target obstacle because it is located near 3 evacuees and has a significant estimated evacuation impact of 0.63. The distance to the exit from the target obstacle is also relatively short at 4.00, which indicates that removing this obstacle could facilitate a quicker evacuation for those nearby. Although the agent has a current volunteer load of 1, the evacuation impact takes precedence over the travel burden and current load."
30,-1758024,volunteer,"assigned volunteer cleared obstacle"
36,-1758094,volunteer,"The agent should volunteer to remove the target obstacle because it is positioned directly in front of the exit, which has a significant evacuation impact of 0.69. By removing this obstacle, the agent facilitates the exit for 8 nearby evacuees, which outweighs the minimal travel burden and the fact that the agent has no current volunteer load."
36,-1758108,volunteer,"The estimated evacuation impact of 0.66 indicates a significant benefit to removing the target obstacle, which is crucial given that there are 6 evacuees near it. The distance to the exit is only 3.00 from the target obstacle, making it a priority to clear this path for a quicker evacuation. Although the agent currently has 1 volunteer load, the impact of helping others outweighs the travel burden, especially with a nearby exit."
36,-1758164,volunteer,"The estimated evacuation impact of 0.69 indicates that removing the target obstacle will significantly aid the evacuation process, especially since there are 7 evacuees near the target obstacle. The travel burden is minimal as the target obstacle is only 1 unit away from the exit, and the current volunteer load of 2 is manageable given the high impact of this action."
36,-1758094,volunteer,"assigned volunteer cleared obstacle"
37,-1758108,volunteer,"assigned volunteer cleared obstacle"
42,-1758108,volunteer,"The agent should volunteer to remove the target obstacle because it has a significant evacuation impact (0.64) and there are 6 evacuees near the target obstacle. Removing the obstacle will facilitate their exit, which is a priority. The travel burden is manageable as the distance to the exit is only 3, and the agent has no current volunteer load."
42,-1758444,volunteer,"The agent should volunteer to remove the target obstacle because it has a significant evacuation impact (0.60) and there are evacuees near the target obstacle (2). Although the distance to the exit for the target obstacle is 6.00, the overall benefit of facilitating the evacuation outweighs the travel burden and the agent's current volunteer load."
42,-1758472,volunteer,"The estimated evacuation impact of 0.63 indicates a significant benefit to the overall evacuation process by removing the target obstacle. Although the agent has a current volunteer load of 2, the proximity to the exit (2 units away) and the presence of 5 evacuees near the target obstacle suggest that assisting in its removal will facilitate a quicker evacuation for multiple individuals, outweighing the travel burden and current volunteer load."
42,-1758108,volunteer,"assigned volunteer cleared obstacle"
43,-1758444,volunteer,"assigned volunteer cleared obstacle"
48,-1758108,volunteer,"The agent should volunteer to remove the target obstacle as it has a significant evacuation impact (0.57) and there is only one evacuee near the target obstacle. The distance to the exit is manageable (3), and the agent has no current volunteer load, making it feasible to assist in this situation."
48,-1758444,volunteer,"The estimated evacuation impact of 0.59 indicates that removing the target obstacle will significantly aid in the evacuation process. Although the agent has a current volunteer load of 1 and is positioned at a distance of 3 from the exit, the presence of 1 evacuee near the target obstacle suggests that their removal is crucial for facilitating a smoother evacuation. The travel burden to the target obstacle is manageable, making it reasonable for the agent to volunteer."
48,-1758738,selfish,"The agent should remain selfish because the estimated evacuation impact of 0.56 is not high enough to justify the travel burden of 9.00 units to remove the target obstacle, especially considering the agent already has a current volunteer load of 2."
51,-1758108,volunteer,"assigned volunteer cleared obstacle"
51,-1758444,volunteer,"assigned volunteer cleared obstacle"
54,-1758108,volunteer,"The estimated evacuation impact of 0.55 indicates a significant benefit to the overall evacuation process by removing the target obstacle. The agent has no current volunteer load, and the travel burden to the target obstacle is manageable given the proximity to the exit. Therefore, volunteering to remove the obstacle is the best decision for maximizing evacuation efficiency."
54,-1759788,volunteer,"The estimated evacuation impact of 0.62 indicates that removing the target obstacle will significantly aid in the evacuation process. The agent is only 2 units away from the exit, and the travel burden to the target obstacle is manageable. Additionally, the agent currently has a low volunteer load with only 1 current volunteer, making it feasible to assist without overburdening themselves."
55,-1759788,volunteer,"assigned volunteer cleared obstacle"
56,-1758108,volunteer,"assigned volunteer cleared obstacle"
60,-1758108,volunteer,"The estimated evacuation impact of 0.55 indicates that removing the target obstacle will significantly aid in the evacuation process. The agent has no current volunteer load and is positioned relatively close to the exit, making the travel burden manageable. Therefore, volunteering to remove the obstacle is the best choice for maximizing evacuation efficiency."
60,-1759788,volunteer,"The agent should volunteer to remove the target obstacle because it is located only 2 units from the exit and there is 1 evacuee nearby. Removing the obstacle will significantly improve the evacuation impact (0.63) for the evacuee, which is prioritized over the agent's travel burden and current volunteer load."
61,-1759788,volunteer,"assigned volunteer cleared obstacle"
62,-1758108,volunteer,"assigned volunteer cleared obstacle"
66,-1758108,volunteer,"The estimated evacuation impact of 0.58 indicates a significant benefit to removing the target obstacle, especially since there is only one evacuee near it. The travel burden is manageable with a distance to exit of 5, and the agent has no current volunteer load, making it feasible to assist in the evacuation effort."
68,-1758108,volunteer,"assigned volunteer cleared obstacle"
1,-1759976,volunteer,"The agent should volunteer to remove the target obstacle at (16, 17) because it has a significant evacuation impact of 0.64, affecting 19 evacuees nearby. The distance to the exit remains the same at 13, and the agent has no current volunteer load, making it feasible to assist without a travel burden."
1,-1759990,volunteer,"The agent should volunteer to remove the target obstacle because the estimated evacuation impact is significant (0.68), indicating that assisting in the evacuation process will greatly benefit the nearby evacuees. Although there are 80 nearby obstacles and the agent has a current volunteer load of 1, the high number of evacuees (16) near the target obstacle and the relatively short distance to the exit (7.00) make it crucial to act. The travel burden is manageable given the circumstances."
1,-1760004,volunteer,"The estimated evacuation impact of removing the target obstacle is significant (0.70), which indicates that it would greatly benefit the evacuation process. Although the agent has a current volunteer load of 2 and is an evacuee, the high number of evacuees (24) near the target obstacle and the relatively short distance to the exit (10.00) further justify the decision to volunteer, as it prioritizes the overall evacuation impact over personal burden."
1,-1759976,volunteer,"assigned volunteer cleared obstacle"
1,-1759990,volunteer,"assigned volunteer cleared obstacle"
1,-1760004,volunteer,"assigned volunteer cleared obstacle"
6,-1759976,volunteer,"The estimated evacuation impact of 0.62 indicates that removing the target obstacle will significantly aid the evacuation process, especially with 14 evacuees near the target obstacle. The travel burden is manageable as the distance to the exit is 11, and the agent currently has no volunteer load. Therefore, volunteering to remove the obstacle is the best decision."
6,-1759990,volunteer,"The estimated evacuation impact of 0.77 indicates that removing the target obstacle will significantly aid in the evacuation process, especially with 26 evacuees near the target obstacle. The travel burden is manageable with a distance to exit of 7 and only one current volunteer. Therefore, volunteering to remove the obstacle is the best choice for maximizing evacuation efficiency."
6,-1760004,volunteer,"The agent should volunteer to remove the target obstacle at (14, 9) because it has a significant evacuation impact (0.67) with 18 evacuees nearby. The distance to the exit is reduced by removing this obstacle, which outweighs the travel burden and the current volunteer load."
6,-1759990,volunteer,"assigned volunteer cleared obstacle"
6,-1760004,volunteer,"assigned volunteer cleared obstacle"
7,-1759976,volunteer,"assigned volunteer cleared obstacle"
12,-1759976,volunteer,"The estimated evacuation impact of 0.61 indicates that removing the target obstacle will significantly aid the evacuation process, especially with 11 evacuees nearby. The travel burden to the target obstacle is manageable at a distance of 1 unit, and the agent currently has no volunteer load, making it feasible to assist without overextending themselves."
12,-1759990,volunteer,"The agent should volunteer to remove the target obstacle because it has a significant evacuation impact (0.75) and there are 18 evacuees near the target obstacle. Removing this obstacle will facilitate the evacuation of a large number of people. The travel burden is manageable with a distance of 2.00 to the exit, and the current volunteer load is low (only 1 volunteer). Therefore, the benefits of volunteering outweigh the costs."
12,-1760004,volunteer,"The estimated evacuation impact of 0.74 is significant, indicating that removing the target obstacle will greatly benefit the evacuation process. Although the agent has a current volunteer load of 2, the high number of evacuees (25) near the target obstacle and the proximity to the exit (7 units) suggest that the benefits of volunteering outweigh the travel burden and current load."
12,-1759976,volunteer,"assigned volunteer cleared obstacle"
12,-1760004,volunteer,"assigned volunteer cleared obstacle"
14,-1759990,volunteer,"assigned volunteer cleared obstacle"
18,-1759976,volunteer,"The agent should volunteer to remove the target obstacle because it has a significant evacuation impact (0.52) and there are evacuees near the target obstacle (2). Removing the obstacle will facilitate their exit, outweighing the travel burden and the current volunteer load, which is zero."
18,-1759990,volunteer,"The estimated evacuation impact of 0.77 indicates a significant benefit to removing the target obstacle, especially with 27 evacuees nearby. Although the agent has a current volunteer load of 1, the travel burden to the target obstacle is manageable given the proximity to the exit (4 units away). Prioritizing the evacuation impact aligns with the goal of facilitating a smoother evacuation for a larger number of individuals."
18,-1760004,volunteer,"The agent should volunteer to remove the target obstacle because the estimated evacuation impact is high (0.72) with 20 evacuees near the target obstacle. This indicates that removing the obstacle will significantly aid in the evacuation process. Although the agent has a current volunteer load of 2, the travel burden to the target obstacle is manageable given the distance to exit is also 6. Prioritizing evacuation impact justifies the decision to volunteer."
19,-1759976,volunteer,"assigned volunteer cleared obstacle"
19,-1759990,volunteer,"assigned volunteer cleared obstacle"
19,-1760004,volunteer,"assigned volunteer cleared obstacle"
24,-1759976,volunteer,"The agent should volunteer to remove the target obstacle at (15, 23) because it has a significant evacuation impact (0.67) and there are 13 evacuees near the target obstacle. Removing this obstacle will facilitate the evacuation of multiple individuals, outweighing the travel burden and the current volunteer load, which is zero."
24,-1759990,volunteer,"The estimated evacuation impact of 0.74 indicates a significant benefit to removing the target obstacle, which is crucial given that there are 19 evacuees near it. Although the agent has a current volunteer load of 1, the travel burden is minimal with a distance to the exit of only 2. Therefore, volunteering to remove the target obstacle is the best decision for maximizing evacuation efficiency."
24,-1760004,volunteer,"The agent should volunteer to remove the target obstacle because the estimated evacuation impact is high (0.75) and there are 18 evacuees near the target obstacle. Removing this obstacle will significantly aid in the evacuation process. Although the agent has a current volunteer load of 2 and there are nearby obstacles, the evacuation impact takes precedence over travel burden and current load."
24,-1759990,volunteer,"assigned volunteer cleared obstacle"
24,-1760004,volunteer,"assigned volunteer cleared obstacle"
27,-1759976,volunteer,"assigned volunteer cleared obstacle"
30,-1759976,volunteer,"The agent should volunteer to remove the target obstacle at (19, 24) because it has a significant evacuation impact of 0.57, which is crucial for the nearby evacuees. The distance to the exit is manageable at 7, and the agent has no current volunteer load, making it feasible to assist without a heavy travel burden."
30,-1760004,volunteer,"The agent should volunteer to remove the target obstacle at (15, 1) because it is directly blocking the path for 11 evacuees and has a high estimated evacuation impact of 0.71. The distance to the exit is only 1.00 from the target obstacle, making it critical for the evacuation process. Although the agent has a current volunteer load of 1, the significant impact on the evacuation outweighs the travel burden."
30,-1760018,volunteer,"The estimated evacuation impact of 0.68 indicates a significant benefit to removing the target obstacle, which is crucial given that there are 9 evacuees near it. The distance to the exit is only 3, and while the agent has a current volunteer load of 2, the high number of nearby obstacles (65) and the potential to help multiple evacuees outweigh the travel burden. Therefore, volunteering is the best choice."
30,-1760018,volunteer,"assigned volunteer cleared obstacle"
31,-1759976,volunteer,"assigned volunteer cleared obstacle"
31,-1760004,volunteer,"assigned volunteer cleared obstacle"
36,-1759976,volunteer,"The agent should volunteer to remove the target obstacle at (15, 27) because it has a significant evacuation impact of 0.68, which is crucial given that there are 7 evacuees near the target obstacle. The distance to the exit is only 4, and the agent has no current volunteer load, making it feasible to assist without a significant travel burden."
36,-1760004,volunteer,"The estimated evacuation impact of 0.66 indicates a significant benefit to removing the target obstacle, which is crucial given that there are 6 evacuees near it. The distance to the exit is manageable at 5, and the agent's current volunteer load is low with only 1 other volunteer. Therefore, volunteering to remove the target obstacle will enhance the overall evacuation effort without imposing a heavy travel burden."
36,-1760018,volunteer,"The agent should volunteer to remove the target obstacle at (1, 11) because it has a significant evacuation impact (0.64) and there are 3 evacuees near the target obstacle. Although the agent has a current volunteer load of 2, the evacuation impact takes precedence over the travel burden and current load, making it beneficial for the overall evacuation effort."
36,-1759976,volunteer,"assigned volunteer cleared obstacle"
36,-1760018,volunteer,"assigned volunteer cleared obstacle"
37,-1760004,volunteer,"assigned volunteer cleared obstacle"
42,-1759976,volunteer,"The agent should volunteer to remove the target obstacle at (13, 26) because it has a significant evacuation impact of 0.64 and there are 4 evacuees near the target obstacle. The distance to exit is 3, which is manageable, and the agent currently has no volunteer load, making it feasible to assist in this situation."
42,-1760088,selfish,"The estimated evacuation impact of removing the target obstacle is 0.66, which is significant, but the agent is already an evacuee with a current volunteer load of 1. Given the distance to the exit is only 3, the agent should prioritize their own evacuation over volunteering to remove the obstacle, especially since the target obstacle is 4 units away from the exit and there are 8 evacuees near it. The travel burden and current volunteer load suggest that remaining selfish is the better choice."
42,-1760326,volunteer,"The agent should volunteer to remove the target obstacle at (11, 28) because it has a significant evacuation impact of 0.63, which indicates that removing this obstacle will greatly facilitate the evacuation of nearby evacuees. The distance to the exit is only 2, and there are 2 evacuees near the target obstacle, making it crucial to clear the path for their safe exit. Although the agent currently has 1 volunteer load, the benefits of assisting in the evacuation outweigh the travel burden of removing the obstacle."
42,-1759976,volunteer,"assigned volunteer cleared obstacle"
42,-1760326,volunteer,"assigned volunteer cleared obstacle"
48,-1759976,volunteer,"The agent should volunteer to remove the target obstacle because it has a significant evacuation impact (0.65) and there are evacuees near the target obstacle. The distance to the exit is minimal (1), and the agent has no current volunteer load, making it feasible to assist without a significant travel burden."
48,-1760508,volunteer,"The agent should volunteer to remove the target obstacle because it has a significant estimated evacuation impact of 0.65, which indicates that assisting in the evacuation process is crucial. The distance to the exit is only 3, and the target obstacle is just 1 unit away from the exit, meaning that removing it will facilitate a quicker evacuation for the nearby evacuee. Although the agent currently has 1 volunteer load, the benefits of improving evacuation outweigh the travel burden of removing the obstacle."
48,-1760536,selfish,"The agent should remain selfish because the target obstacle has a significant distance to the exit (7.00), and the estimated evacuation impact is moderate (0.58). Additionally, the agent already has a current volunteer load of 2, which adds to the travel burden. Given these factors, the agent's contribution would not significantly enhance the evacuation effort compared to the burden it would incur."
48,-1759976,volunteer,"assigned volunteer cleared obstacle"
54,-1760536,volunteer,"The estimated evacuation impact of 0.60 indicates a significant benefit to the overall evacuation process by removing the target obstacle. The distance to the exit is manageable at 5 units, and the agent has no current volunteer load, making it feasible to assist without a heavy travel burden."
54,-1760536,volunteer,"assigned volunteer cleared obstacle"
60,-1760536,volunteer,"The agent should volunteer to remove the target obstacle at (2, 16) because it has a significant estimated evacuation impact of 0.62, which indicates that removing this obstacle will greatly facilitate the evacuation process. The distance to the exit is only 4, and the agent has no current volunteer load, making it feasible to assist without a significant travel burden."
60,-1760536,volunteer,"assigned volunteer cleared obstacle"
1,-1762082,volunteer,"The agent should volunteer to remove the target obstacle at (13, 4) because it has a significant evacuation impact (0.71) and there are 15 evacuees near the target obstacle. Removing this obstacle will facilitate the evacuation of multiple individuals, outweighing the travel burden and the current volunteer load, which is zero."
1,-1762096,volunteer,"The estimated evacuation impact of 0.64 indicates a significant benefit to the overall evacuation process by removing the target obstacle. Although the agent has a current volunteer load of 1, the presence of 12 evacuees near the target obstacle suggests that their removal will facilitate the escape of multiple individuals. The travel burden is manageable with a distance to exit of 10 and a target obstacle distance of 8, making it feasible for the agent to assist without excessive strain."
1,-1762110,volunteer,"The estimated evacuation impact of 0.68 indicates that removing the target obstacle will significantly aid in the evacuation process, especially with 20 evacuees nearby. Although the agent has a current volunteer load of 2 and is an evacuee themselves, the high number of evacuees near the target obstacle and the relatively low distance to the exit (10.00) justify the decision to volunteer, as the overall benefit to the evacuation outweighs the travel burden."
1,-1762096,volunteer,"assigned volunteer cleared obstacle"
1,-1762110,volunteer,"assigned volunteer cleared obstacle"
2,-1762082,volunteer,"assigned volunteer cleared obstacle"
6,-1762082,volunteer,"The agent should volunteer to remove the target obstacle because it has a significant evacuation impact (0.71) with 22 evacuees near the target obstacle. The distance to the exit is manageable (6), and the agent has no current volunteer load, making it feasible to assist without a significant travel burden."
6,-1762096,volunteer,"The estimated evacuation impact of 0.69 indicates a significant benefit to removing the target obstacle, especially with 18 evacuees nearby. The travel burden is manageable with a distance to exit of 8, and the current volunteer load is low at 1. Therefore, volunteering to remove the obstacle will enhance overall evacuation efforts."
6,-1762110,volunteer,"The estimated evacuation impact of 0.68 indicates that removing the target obstacle will significantly aid in the evacuation process, especially with 17 evacuees near the target obstacle. Although the agent has a current volunteer load of 2, the high evacuation impact outweighs the travel burden and current load considerations."
6,-1762082,volunteer,"assigned volunteer cleared obstacle"
6,-1762096,volunteer,"assigned volunteer cleared obstacle"
6,-1762110,volunteer,"assigned volunteer cleared obstacle"
12,-1762082,volunteer,"The agent should volunteer to remove the target obstacle because the estimated evacuation impact is high (0.70) and there are 19 evacuees near the target obstacle. Removing the obstacle will significantly aid in the evacuation process. The travel burden is manageable as the distance to the target obstacle is only 2 units away, and the agent currently has no volunteer load."
12,-1762096,volunteer,"The agent should volunteer to remove the target obstacle because the estimated evacuation impact is high (0.74) and there are 22 evacuees near the target obstacle. Removing this obstacle will significantly aid in the evacuation process. The travel burden is manageable with a distance to exit of 7 and only 1 current volunteer, making it feasible for the agent to assist without overextending themselves."
12,-1762110,volunteer,"The estimated evacuation impact of 0.65 indicates a significant benefit to the overall evacuation process by removing the target obstacle. Although the distance to the exit is 7 and the target obstacle is 9 away, the presence of 15 evacuees near the target obstacle suggests that their evacuation is critical. The current volunteer load of 2 is manageable, and the potential positive impact on the evacuation outweighs the travel burden."
13,-1762082,volunteer,"assigned volunteer cleared obstacle"
13,-1762096,volunteer,"assigned volunteer cleared obstacle"
14,-1762110,volunteer,"assigned volunteer cleared obstacle"
18,-1762082,volunteer,"The agent should volunteer to remove the target obstacle at (8, 4) because it has a significant evacuation impact (0.63) with 12 evacuees nearby. Although the target obstacle is 9 units from the exit, the high number of evacuees near it indicates that removing it will facilitate their evacuation. The agent has no current volunteer load, making it feasible to assist without a significant travel burden."
18,-1762096,volunteer,"Removing the target obstacle (15, 25) will significantly impact evacuation by clearing the path for 16 nearby evacuees, with an estimated evacuation impact of 0.71. The distance to the exit is only 4.00 from the target obstacle, making it a critical point for evacuation. Although the agent currently has a volunteer load of 1, the high evacuation impact outweighs the travel burden and current load."
18,-1762110,selfish,"The estimated evacuation impact of removing the target obstacle is moderate (0.55), but the distance to the exit (9) is already significant. Additionally, the agent has a current volunteer load of 2 and there are 71 nearby obstacles, indicating that the burden of travel and effort to remove the obstacle may outweigh the benefits of volunteering, especially since the target obstacle is 12 units away from the exit."
18,-1762096,volunteer,"assigned volunteer cleared obstacle"
19,-1762082,volunteer,"assigned volunteer cleared obstacle"
24,-1762082,volunteer,"The estimated evacuation impact of 0.72 indicates that removing the target obstacle will significantly aid in the evacuation process. The agent has no current volunteer load, and the travel burden to the target obstacle is manageable given the proximity to the exit. Therefore, volunteering to remove the obstacle is the best decision for maximizing evacuation efficiency."
24,-1762096,volunteer,"The agent should volunteer to remove the target obstacle because it has a significant evacuation impact (0.66) with 11 evacuees near the target obstacle. The distance to the exit is the same for both the agent and the target obstacle, meaning the travel burden is manageable. Additionally, the agent currently has a low volunteer load (1), allowing them to assist without overburdening themselves."
24,-1762110,volunteer,"The estimated evacuation impact is high (0.74), and removing the target obstacle (3, 14) will significantly aid in evacuating 18 nearby evacuees. The distance to the exit is manageable (6), and the travel burden is outweighed by the potential benefit to others. Current volunteer load (2) is reasonable given the situation."
24,-1762082,volunteer,"assigned volunteer cleared obstacle"
24,-1762096,volunteer,"assigned volunteer cleared obstacle"
28,-1762110,volunteer,"assigned volunteer cleared obstacle"
30,-1762082,volunteer,"The agent should volunteer to remove the target obstacle because it has a significant evacuation impact (0.58) and there are evacuees (4) near the target obstacle. Although the distance to the exit is longer for the target obstacle (9.00), the overall benefit to the evacuation process outweighs the travel burden and the agent's current volunteer load (0)."
30,-1762096,volunteer,"The agent should volunteer to remove the target obstacle because it has a significant evacuation impact (0.60) and there are evacuees (4) near the target obstacle. Although the agent has a current volunteer load of 1, the distance to the exit is only 2, making the travel burden manageable. Prioritizing the evacuation impact and the presence of nearby evacuees justifies the decision to volunteer."
30,-1762110,volunteer,"The estimated evacuation impact of 0.65 indicates a significant benefit to removing the target obstacle, which is crucial given the presence of 11 evacuees nearby. Although the agent has a current volunteer load of 2 and the distance to the exit is 5, the potential positive impact on the evacuation process outweighs the travel burden and current load."
32,-1762110,volunteer,"assigned volunteer cleared obstacle"
33,-1762082,volunteer,"assigned volunteer cleared obstacle"
33,-1762096,volunteer,"assigned volunteer cleared obstacle"
36,-1762082,volunteer,"The agent should volunteer to remove the target obstacle at (14, 4) because it has a significant evacuation impact (0.66) and there are 8 evacuees near the target obstacle. Removing this obstacle will facilitate the evacuation of multiple individuals, outweighing the travel burden and the current volunteer load, which is zero."
36,-1762096,selfish,"The agent should remain selfish because the estimated evacuation impact of 0.57 is not significant enough to justify the travel burden of removing the target obstacle, which is 8.00 units away from the exit. Additionally, the agent already has a current volunteer load of 1, and with only 2 nearby agents, the overall evacuation effort would not be substantially improved by the agent's involvement."
36,-1762110,volunteer,"The agent should volunteer to remove the target obstacle because the estimated evacuation impact is significant (0.63), indicating that assisting in the removal will greatly benefit the evacuation process. Although there are nearby obstacles and the agent has a current volunteer load of 1, the potential positive impact on the evacuation outweighs the travel burden and current load."
37,-1762082,volunteer,"assigned volunteer cleared obstacle"
38,-1762110,volunteer,"assigned volunteer cleared obstacle"
42,-1762110,volunteer,"The agent should volunteer to remove the target obstacle because it has a significant evacuation impact (0.59) and there are evacuees (4) near the target obstacle that would benefit from its removal. The travel burden is manageable as the distance to the exit is only 3, and the agent currently has no volunteer load."
42,-1762166,volunteer,"The agent should volunteer to remove the target obstacle because it has a significant evacuation impact (0.58) and there are evacuees (3) near the target obstacle that would benefit from its removal. The distance to the exit (3) is manageable, and the current volunteer load (1) is not excessive compared to the potential positive impact on evacuation."
42,-1763328,volunteer,"The agent should volunteer to remove the target obstacle at (26, 15) because it has a significant evacuation impact of 0.63, which indicates that removing this obstacle will greatly aid in the evacuation process. The distance to the exit is already minimal at 3, and while there are 2 current volunteers, the need to clear obstacles for the benefit of evacuees outweighs the current volunteer load. Additionally, there are 2 evacuees near the target obstacle, making it crucial to facilitate their escape."
42,-1763328,volunteer,"assigned volunteer cleared obstacle"
45,-1762110,volunteer,"assigned volunteer cleared obstacle"
1,-1764188,volunteer,"The estimated evacuation impact of 0.70 indicates that removing the target obstacle will significantly aid in the evacuation process, especially with 23 evacuees nearby. The travel burden is manageable as the distance to the target obstacle is only 1 unit away, and the agent currently has no volunteer load. Therefore, volunteering to remove the obstacle is the best decision for maximizing evacuation efficiency."
1,-1764202,volunteer,"The estimated evacuation impact of 0.62 indicates a significant benefit to removing the target obstacle, as it affects 12 evacuees nearby. Although the agent has a current volunteer load of 1, the potential positive impact on the evacuation process outweighs the travel burden and current load. Therefore, the agent should volunteer to remove the target obstacle."
1,-1764216,volunteer,"The estimated evacuation impact of 0.63 indicates a significant benefit to the overall evacuation process by removing the target obstacle. Although the agent has a current volunteer load of 2, the high number of evacuees (17) near the target obstacle and its proximity to the exit (12.00) suggest that volunteering will facilitate a quicker evacuation for many individuals, outweighing the travel burden and current volunteer load."
1,-1764188,volunteer,"assigned volunteer cleared obstacle"
1,-1764202,volunteer,"assigned volunteer cleared obstacle"
1,-1764216,volunteer,"assigned volunteer cleared obstacle"
6,-1764188,volunteer,"The agent should volunteer to remove the target obstacle because it has a significant evacuation impact (0.63) and there are 17 evacuees near the target obstacle. Removing this obstacle will facilitate the evacuation of multiple individuals, outweighing the travel burden and the current volunteer load, which is zero."
6,-1764202,volunteer,"The estimated evacuation impact of removing the target obstacle is significant (0.54), which indicates that it would greatly benefit the overall evacuation process. Although the agent has a current volunteer load of 1 and is positioned at a distance of 13 from the exit, the presence of 5 evacuees near the target obstacle suggests that their removal would facilitate the escape of multiple individuals. Therefore, the impact on evacuation outweighs the travel burden and current volunteer load."
6,-1764216,volunteer,"The estimated evacuation impact of 0.63 indicates that removing the target obstacle will significantly aid in the evacuation process, especially with 16 evacuees near the target obstacle. Although the agent has a current volunteer load of 2, the high number of nearby obstacles (77) and the distance to exit (12) suggest that the agent's contribution is crucial for improving the overall evacuation situation."
6,-1764202,volunteer,"assigned volunteer cleared obstacle"
6,-1764216,volunteer,"assigned volunteer cleared obstacle"
12,-1764188,volunteer,"The estimated evacuation impact of 0.75 indicates that removing the target obstacle will significantly aid the evacuation process. The agent is currently not burdened with any volunteer load and the travel burden to the target obstacle is manageable, making it a favorable decision to volunteer."
12,-1764202,volunteer,"The agent should volunteer to remove the target obstacle at (5, 2) because it has a significant evacuation impact (0.58) with 5 evacuees nearby. Although the agent has a distance of 10 to the exit and is currently carrying a volunteer load of 1, the high number of evacuees near the obstacle and the potential positive impact on their evacuation outweighs the travel burden and current load."
12,-1764216,volunteer,"The estimated evacuation impact of 0.65 indicates a significant benefit to the overall evacuation process by removing the target obstacle. Although the agent has a current volunteer load of 2, the high number of evacuees (14) near the target obstacle and the distance to exit (9.00) suggest that assisting in this situation will greatly enhance the chances of a successful evacuation for many individuals, outweighing the travel burden."
12,-1764188,volunteer,"assigned volunteer cleared obstacle"
12,-1764202,volunteer,"assigned volunteer cleared obstacle"
13,-1764216,volunteer,"assigned volunteer cleared obstacle"
18,-1764188,volunteer,"Removing the target obstacle (7, 5) will significantly improve the evacuation impact by facilitating the exit for 10 nearby evacuees. The distance to the exit for the target obstacle is 11.00, which is substantial, but the high estimated evacuation impact of 0.60 outweighs the travel burden and the current volunteer load of 0. Thus, volunteering is the best choice."
18,-1764202,volunteer,"The agent should volunteer to remove the target obstacle at (8, 2) because it has a significant evacuation impact of 0.66, affecting 13 evacuees nearby. Although the agent has a current volunteer load of 1, the potential benefit to the overall evacuation outweighs the travel burden and current load."
18,-1764216,volunteer,"The estimated evacuation impact of 0.55 indicates a significant benefit to removing the target obstacle, which is crucial given that there are 4 evacuees near it. Although the distance to the exit is 8 and the target obstacle is 12 away, the potential to aid multiple evacuees outweighs the travel burden and the current volunteer load of 2."
18,-1764202,volunteer,"assigned volunteer cleared obstacle"
20,-1764216,volunteer,"assigned volunteer cleared obstacle"
21,-1764188,volunteer,"assigned volunteer cleared obstacle"
24,-1764188,volunteer,"The estimated evacuation impact of 0.66 indicates a significant benefit to removing the target obstacle, especially given that there are 14 evacuees near it. The travel burden is manageable with a distance to exit of 8, and the agent currently has no volunteer load. Therefore, volunteering to remove the obstacle is the best choice for maximizing evacuation efficiency."
24,-1764202,volunteer,"The estimated evacuation impact of 0.68 indicates that removing the target obstacle will significantly aid in the evacuation process, especially with 15 evacuees nearby. Although the agent has a current volunteer load of 1, the potential benefit to the overall evacuation outweighs the travel burden of moving to the target obstacle."
24,-1764216,volunteer,"The estimated evacuation impact of 0.65 indicates that removing the target obstacle will significantly aid in the evacuation process, especially with 13 evacuees near the target obstacle. Although the agent has a current volunteer load of 2, the high number of evacuees affected and the relatively low travel burden to the target obstacle (8.00 to exit) outweigh these factors, making it beneficial for the agent to volunteer."
24,-1764202,volunteer,"assigned volunteer cleared obstacle"
26,-1764188,volunteer,"assigned volunteer cleared obstacle"
27,-1764216,volunteer,"assigned volunteer cleared obstacle"
30,-1764188,volunteer,"The estimated evacuation impact of 0.76 indicates a significant benefit to the overall evacuation process by removing the target obstacle. The travel burden is manageable as the distance to the target obstacle is only 3.00, and the agent currently has no volunteer load, making it feasible to assist without compromising their own evacuation."
30,-1764216,volunteer,"The estimated evacuation impact of removing the target obstacle is high (0.76), and there are 21 evacuees near the target obstacle, indicating that assisting in its removal will significantly aid in the evacuation process. The distance to the exit is manageable (6), and the travel burden of removing the obstacle is outweighed by the potential benefit to many evacuees. Additionally, the agent currently has a low volunteer load (1), making it feasible to assist."
30,-1764244,volunteer,"The estimated evacuation impact of 0.70 indicates that removing the target obstacle will significantly aid the evacuation process. The agent is positioned close to the target obstacle and has a manageable travel burden to reach it, with only 3 units of distance to the exit remaining. Although the agent currently has 2 volunteers, the high number of evacuees (13) near the target obstacle suggests that their assistance is crucial for a successful evacuation. Therefore, volunteering to remove the obstacle is the best decision."
30,-1764244,volunteer,"assigned volunteer cleared obstacle"
32,-1764188,volunteer,"assigned volunteer cleared obstacle"
34,-1764216,volunteer,"assigned volunteer cleared obstacle"
36,-1764244,volunteer,"The agent should volunteer to remove the target obstacle because it is positioned near 8 evacuees and has a significant estimated evacuation impact of 0.68. The distance to the exit is only 3, and the target obstacle is just 2 units away from the exit, making it crucial to clear this obstacle for a faster evacuation. Additionally, the agent has no current volunteer load, making it feasible for them to assist without a travel burden."
36,-1764286,volunteer,"The agent should volunteer to remove the target obstacle because doing so will positively impact the evacuation process by clearing a path for evacuees. The evacuation impact is prioritized at 0.55, indicating a significant benefit. Although there are travel burdens and the agent has a current volunteer load of 1, the presence of 2 evacuees near the target obstacle suggests that assisting them is crucial for their safety and timely evacuation."
36,-1764328,volunteer,"The estimated evacuation impact of 0.63 indicates that removing the target obstacle will significantly aid in the evacuation process. Although the agent has a current volunteer load of 2 and is an evacuee, the presence of 4 evacuees near the target obstacle suggests that their removal is critical for the safety and efficiency of the evacuation. The travel burden to the target obstacle is manageable, and the distance to exit remains short at 3. Therefore, volunteering to remove the obstacle is the best decision for overall evacuation effectiveness."
36,-1764244,volunteer,"assigned volunteer cleared obstacle"
38,-1764286,volunteer,"assigned volunteer cleared obstacle"
39,-1764328,volunteer,"assigned volunteer cleared obstacle"
42,-1764874,volunteer,"The agent should volunteer to remove the target obstacle because it has a significant evacuation impact (0.65) and is only 1 unit away from the exit. Additionally, there are evacuees near the target obstacle who would benefit from its removal, and the agent has no current volunteer load, making it feasible to assist."
42,-1764888,volunteer,"The estimated evacuation impact of 0.63 indicates a significant benefit to the overall evacuation effort by removing the target obstacle. Although the agent has a current volunteer load of 1, the presence of 5 evacuees near the target obstacle and the relatively short distance to the exit (4) suggest that assisting in this situation will facilitate the evacuation of multiple individuals, outweighing the travel burden of removing the obstacle."
42,-1764944,volunteer,"The agent should volunteer to remove the target obstacle because it has a significant evacuation impact (0.62) and there are 4 evacuees near the target obstacle. Removing it will facilitate their exit, which is the priority. Although the agent has a current volunteer load of 2, the travel burden is manageable given the distance to the exit (6) and the proximity of the target obstacle (5)."
42,-1764888,volunteer,"assigned volunteer cleared obstacle"
42,-1764944,volunteer,"assigned volunteer cleared obstacle"
43,-1764874,volunteer,"assigned volunteer cleared obstacle"
48,-1764888,volunteer,"The agent should volunteer to remove the target obstacle because it has a significant evacuation impact (0.64) and there are evacuees near the target obstacle (2). The distance to the exit is only 1, indicating that the agent can quickly return to safety after assisting. Additionally, the agent has no current volunteer load, making it feasible to help without a significant travel burden."
48,-1764944,volunteer,"The agent should volunteer to remove the target obstacle because it has a significant evacuation impact (0.64) and there are 3 evacuees near the target obstacle. Removing this obstacle will facilitate their exit, which is a priority. The travel burden is manageable as the distance to the exit is only 4, and the agent's current volunteer load is low (1). Therefore, volunteering is the best choice."
48,-1765014,volunteer,"Removing the target obstacle (15, 26) will facilitate the evacuation of 3 nearby evacuees, significantly improving the overall evacuation impact (0.64). The agent is only 2 units away from the exit and has a manageable current volunteer load of 2, making the travel burden acceptable. Therefore, volunteering is the best choice for maximizing evacuation efficiency."
48,-1765014,volunteer,"assigned volunteer cleared obstacle"
49,-1764888,volunteer,"assigned volunteer cleared obstacle"
49,-1764944,volunteer,"assigned volunteer cleared obstacle"
54,-1764286,volunteer,"The agent should volunteer to remove the target obstacle because it has a significant estimated evacuation impact of 0.54, which outweighs the travel burden and the current volunteer load. By removing the obstacle, the agent facilitates the evacuation of nearby evacuees and improves the overall evacuation process."
54,-1764944,volunteer,"The agent should volunteer to remove the target obstacle because it has a significant evacuation impact (0.62) and there are evacuees near the target obstacle (3). Although the agent has a current volunteer load of 1, the distance to the exit is only 2, making the travel burden manageable. Removing the obstacle will facilitate the evacuation process for others, which is prioritized over the agent's selfish interests."
54,-1765182,volunteer,"The estimated evacuation impact of 0.61 indicates a significant benefit to the overall evacuation process by removing the target obstacle. Although the agent has a current volunteer load of 2, the travel burden to the target obstacle is manageable given the proximity to the exit (3 units away). The presence of 2 evacuees near the target obstacle further emphasizes the need for its removal to facilitate their escape, making volunteering the more impactful choice."
55,-1764944,volunteer,"assigned volunteer cleared obstacle"
57,-1764286,volunteer,"assigned volunteer cleared obstacle"
60,-1765322,volunteer,"The agent should volunteer to remove the target obstacle because it has a significant evacuation impact (0.62) and there is only one evacuee near the target obstacle. The distance to the exit is the same for both the agent and the target obstacle, meaning the travel burden is manageable. Additionally, the agent has no current volunteer load, making it feasible to assist in this situation."
60,-1765322,volunteer,"assigned volunteer cleared obstacle"
66,-1765322,volunteer,"The estimated evacuation impact of 0.65 indicates a significant benefit to the overall evacuation effort by removing the target obstacle. The agent is positioned close to the exit (2 units away) and has no current volunteer load, making it feasible to assist without a substantial travel burden."
66,-1765322,volunteer,"assigned volunteer cleared obstacle"
1,-1766294,volunteer,"The agent should volunteer to remove the target obstacle at (18, 21) because it has a significant evacuation impact (0.67) with 21 evacuees nearby. The distance to the exit is only slightly affected (11.00) by removing this obstacle, and the agent has no current volunteer load, making it feasible to assist without a significant travel burden."
1,-1766308,volunteer,"The estimated evacuation impact of 0.65 indicates a significant benefit to removing the target obstacle, as it affects 18 evacuees nearby. The distance to the exit is manageable at 11.00, and the current volunteer load is low with only 1 volunteer. Therefore, volunteering to remove the obstacle will enhance overall evacuation efforts without imposing a heavy travel burden."
1,-1766322,volunteer,"The agent should volunteer to remove the target obstacle at (23, 10) because it has a significant evacuation impact of 0.64, which indicates that helping to clear this obstacle will greatly facilitate the evacuation of 13 nearby evacuees. Although the agent has a current volunteer load of 2 and the distance to the exit is 8, the high number of evacuees affected and the potential to improve their evacuation outweighs the travel burden and current load."
1,-1766294,volunteer,"assigned volunteer cleared obstacle"
1,-1766322,volunteer,"assigned volunteer cleared obstacle"
4,-1766308,volunteer,"assigned volunteer cleared obstacle"
6,-1766294,volunteer,"The estimated evacuation impact of 0.68 indicates that removing the target obstacle will significantly aid in the evacuation process, especially with 21 evacuees nearby. The travel burden is manageable as the distance to the exit remains the same at 10. Additionally, the agent has no current volunteer load, making it feasible to assist without overextending themselves."
6,-1766308,volunteer,"The estimated evacuation impact of 0.73 indicates that removing the target obstacle will significantly aid in the evacuation process, especially with 20 evacuees nearby. The travel burden is manageable as the distance to the exit is only 9, and the agent's current volunteer load is low with only 1 other volunteer. Therefore, volunteering to remove the target obstacle is the best choice for maximizing evacuation efficiency."
6,-1766322,volunteer,"The estimated evacuation impact of removing the target obstacle is significant (0.66), which indicates that it would greatly aid the evacuation process. Although the agent has a current volunteer load of 2, the travel burden to the target obstacle is manageable given the proximity (1 unit away) and the distance to exit is still reasonable (5 units). The presence of 11 evacuees near the target obstacle further emphasizes the importance of removing it to facilitate their escape."
6,-1766294,volunteer,"assigned volunteer cleared obstacle"
6,-1766322,volunteer,"assigned volunteer cleared obstacle"
9,-1766308,volunteer,"assigned volunteer cleared obstacle"
12,-1766294,volunteer,"The agent should volunteer to remove the target obstacle at (11, 22) because it has a significant evacuation impact (0.70) with 22 evacuees nearby. The distance to the exit is manageable at 9.00, and the agent has no current volunteer load, making it feasible to assist in the evacuation."
12,-1766308,volunteer,"The estimated evacuation impact of 0.74 is significant, indicating that removing the target obstacle will greatly aid in the evacuation process. The distance to the exit is relatively short at 6, and the travel burden of removing the obstacle is manageable given the current volunteer load of only 1. Therefore, volunteering to remove the target obstacle is the best decision for maximizing evacuation efficiency."
12,-1766336,volunteer,"The estimated evacuation impact of 0.71 indicates a significant benefit to removing the target obstacle, especially with 15 evacuees nearby. Although the agent has a current volunteer load of 2, the potential positive impact on evacuation outweighs the travel burden and current load. The distance to exit is also manageable at 3."
12,-1766308,volunteer,"assigned volunteer cleared obstacle"
12,-1766336,volunteer,"assigned volunteer cleared obstacle"
14,-1766294,volunteer,"assigned volunteer cleared obstacle"
18,-1766294,volunteer,"The agent should volunteer to remove the target obstacle because it has a significant evacuation impact (0.62) and there are 12 evacuees near the target obstacle. Removing this obstacle will facilitate the evacuation of multiple individuals, outweighing the travel burden and the current volunteer load, which is zero."
18,-1766308,volunteer,"The agent should volunteer to remove the target obstacle at (9, 4) because it has a significant evacuation impact (0.62) with 8 evacuees nearby. Although the distance to the exit is longer (8.00) for the target obstacle, the overall benefit of facilitating evacuation for multiple evacuees outweighs the travel burden and the current volunteer load is manageable."
18,-1766336,volunteer,"The agent should volunteer to remove the target obstacle because the estimated evacuation impact is significant (0.63), indicating that helping to clear the path will greatly benefit the evacuation process. Although the agent has a current volunteer load of 2, the travel burden to the target obstacle is manageable given the proximity to the exit (3 units away). The presence of 7 evacuees near the target obstacle further emphasizes the need for action to facilitate their escape."
19,-1766294,volunteer,"assigned volunteer cleared obstacle"
19,-1766336,volunteer,"assigned volunteer cleared obstacle"
21,-1766308,volunteer,"assigned volunteer cleared obstacle"
24,-1766294,volunteer,"The agent should volunteer to remove the target obstacle because it has a significant evacuation impact (0.56) and there are 5 evacuees near the target obstacle. Removing the obstacle will facilitate their escape, outweighing the travel burden and the agent's current volunteer load, which is zero."
24,-1766308,volunteer,"The estimated evacuation impact of 0.59 indicates that removing the target obstacle will significantly aid in the evacuation process. Although the distance to the target obstacle is 8.00, the presence of 4 evacuees near it suggests that their evacuation is crucial. The current volunteer load of 1 is manageable, and the overall benefit to the evacuation outweighs the travel burden."
24,-1766336,selfish,"The agent should remain selfish because the estimated evacuation impact of 0.59 is not high enough to justify the burden of traveling 7 units to remove the target obstacle, especially considering the agent is already carrying a current volunteer load of 2."
25,-1766294,volunteer,"assigned volunteer cleared obstacle"
27,-1766308,volunteer,"assigned volunteer cleared obstacle"
30,-1766294,volunteer,"The agent should volunteer to remove the target obstacle because it is located near a significant number of evacuees (13) and has a high estimated evacuation impact (0.67). The distance to the exit from the target obstacle is only 6.00, which indicates that removing it could facilitate a quicker evacuation for many individuals. Additionally, the agent has no current volunteer load, making it feasible for them to assist without a significant travel burden."
30,-1766308,volunteer,"The estimated evacuation impact of 0.58 indicates that removing the target obstacle will significantly aid in the evacuation process. Although the agent has a current volunteer load of 1 and is positioned at a distance of 6 from the exit, the presence of only 1 nearby evacuee near the target obstacle suggests that the travel burden is manageable. Therefore, the benefits of volunteering outweigh the costs."
30,-1766560,volunteer,"The estimated evacuation impact of 0.68 indicates a significant benefit to removing the target obstacle, especially with 13 evacuees nearby. Although the agent has a current volunteer load of 2, the travel burden to the target obstacle is manageable given the proximity to the exit (3 units away). Prioritizing evacuation impact justifies the decision to volunteer."
30,-1766560,volunteer,"assigned volunteer cleared obstacle"
31,-1766294,volunteer,"assigned volunteer cleared obstacle"
31,-1766308,volunteer,"assigned volunteer cleared obstacle"
36,-1766294,volunteer,"The agent should volunteer to remove the target obstacle because the estimated evacuation impact is significant (0.64), indicating that helping to clear the path will greatly benefit the evacuation process. Although there are nearby obstacles and evacuees, the agent has no current volunteer load and is close to the exit, making the travel burden manageable."
36,-1766560,volunteer,"The agent should volunteer to remove the target obstacle because it has a significant evacuation impact (0.62) and there are 6 evacuees near the target obstacle. Although the agent has a current volunteer load of 1, the distance to the exit is only 1, making the travel burden manageable. Removing the obstacle will facilitate the evacuation of multiple individuals, which is the priority."
36,-1766588,volunteer,"The estimated evacuation impact of 0.63 indicates a significant benefit to removing the target obstacle, which is crucial given that there are 4 evacuees near it. Although the agent has a current volunteer load of 2, the importance of facilitating evacuation outweighs the travel burden and current load. Removing the target obstacle will directly improve the evacuation situation."
36,-1766588,volunteer,"assigned volunteer cleared obstacle"
40,-1766294,volunteer,"assigned volunteer cleared obstacle"
40,-1766560,volunteer,"assigned volunteer cleared obstacle"
42,-1766294,volunteer,"The agent should volunteer to remove the target obstacle at (12, 28) because it has a significant evacuation impact of 0.68, which indicates that helping to clear this obstacle will greatly facilitate the evacuation of 7 nearby evacuees. The distance to the exit is only 3, and the agent has no current volunteer load, making the travel burden minimal. Therefore, volunteering aligns with the priority of maximizing evacuation impact."
42,-1766588,volunteer,"The estimated evacuation impact of 0.60 indicates a significant benefit to the overall evacuation process. Although the agent has a current volunteer load of 1, the proximity to the exit (2 units away) and the presence of only 1 evacuee near the target obstacle suggest that volunteering to remove the obstacle will facilitate a quicker evacuation for others, outweighing the travel burden of moving to the target obstacle."
42,-1766686,volunteer,"The estimated evacuation impact of 0.63 is significant, indicating that removing the target obstacle will greatly aid in the evacuation process. Although the agent has a current volunteer load of 2, the travel burden to the target obstacle is manageable, and the presence of 4 evacuees near the target obstacle suggests that their removal will facilitate a smoother evacuation for multiple individuals."
42,-1766294,volunteer,"assigned volunteer cleared obstacle"
43,-1766686,volunteer,"assigned volunteer cleared obstacle"
45,-1766588,volunteer,"assigned volunteer cleared obstacle"
48,-1766588,volunteer,"The agent should volunteer to remove the target obstacle because it has a significant evacuation impact (0.59) and there is only one evacuee near the target obstacle. The distance to the exit is manageable (6.00), and the agent currently has no volunteer load, making it feasible to assist without a significant travel burden."
48,-1766686,volunteer,"The estimated evacuation impact of 0.60 indicates a significant benefit to removing the target obstacle, which is crucial for the evacuation process. Although the agent has a current volunteer load of 1, the travel burden to the target obstacle is manageable, and the presence of 2 evacuees near the target obstacle further emphasizes the need for action to facilitate their escape."
48,-1767050,volunteer,"The estimated evacuation impact of 0.60 indicates a significant benefit to the overall evacuation process by removing the target obstacle. Although the agent has a current volunteer load of 2, the distance to exit is only 4, and the travel burden is manageable. The presence of 2 evacuees near the target obstacle further emphasizes the need for its removal to facilitate their escape."
48,-1766686,volunteer,"assigned volunteer cleared obstacle"
48,-1767050,volunteer,"assigned volunteer cleared obstacle"
51,-1766588,volunteer,"assigned volunteer cleared obstacle"
54,-1766686,volunteer,"The agent should volunteer to remove the target obstacle because it has a significant estimated evacuation impact of 0.60, which outweighs the travel burden and current volunteer load. By removing the obstacle, the agent facilitates the evacuation of nearby evacuees and improves overall evacuation efficiency."
54,-1767050,volunteer,"The agent should volunteer to remove the target obstacle because it has a significant evacuation impact of 0.60, which outweighs the travel burden and current volunteer load. By removing the obstacle, the agent facilitates the evacuation of nearby evacuees and improves overall evacuation efficiency."
56,-1766686,volunteer,"assigned volunteer cleared obstacle"
56,-1767050,volunteer,"assigned volunteer cleared obstacle"
1,-1768400,volunteer,"The agent should volunteer to remove the target obstacle at (23, 7) because it has a significant evacuation impact (0.61) with 13 evacuees nearby. Removing this obstacle will facilitate the evacuation process for a larger number of individuals, outweighing the travel burden and the current volunteer load, which is zero."
1,-1768414,volunteer,"The estimated evacuation impact of 0.70 indicates that removing the target obstacle will significantly aid in the evacuation process. Although the agent has a current volunteer load of 1, the high number of evacuees (24) near the target obstacle and the distance to exit (10.00) suggest that volunteering will greatly benefit the overall evacuation effort, outweighing the travel burden."
1,-1768428,volunteer,"The estimated evacuation impact of 0.57 indicates a significant benefit to the overall evacuation process by removing the target obstacle. Although the agent has a current volunteer load of 2, the presence of 8 evacuees near the target obstacle suggests that their removal would greatly facilitate the evacuation for multiple individuals. The travel burden is manageable given the agent's distance to the exit (13) and the target obstacle (12). Therefore, volunteering to remove the obstacle is the best choice for maximizing evacuation efficiency."
1,-1768400,volunteer,"assigned volunteer cleared obstacle"
1,-1768414,volunteer,"assigned volunteer cleared obstacle"
1,-1768428,volunteer,"assigned volunteer cleared obstacle"
6,-1768400,volunteer,"The agent should volunteer to remove the target obstacle because the estimated evacuation impact is significant (0.55), indicating that assisting in the removal will greatly benefit the overall evacuation process. The travel burden to the target obstacle is manageable, and the agent currently has no volunteer load, making it feasible to assist."
6,-1768414,volunteer,"The agent should volunteer to remove the target obstacle because the estimated evacuation impact is significant (0.67) and there are 22 evacuees near the target obstacle. Although the distance to the exit is longer (12.00) for the target obstacle, the overall benefit of assisting in the evacuation outweighs the travel burden and the current volunteer load."
6,-1768428,volunteer,"The estimated evacuation impact of removing the target obstacle is significant (0.54), which outweighs the travel burden and the current volunteer load. By volunteering, the agent contributes positively to the overall evacuation effort, especially given the presence of 5 evacuees near the target obstacle."
7,-1768400,volunteer,"assigned volunteer cleared obstacle"
7,-1768414,volunteer,"assigned volunteer cleared obstacle"
7,-1768428,volunteer,"assigned volunteer cleared obstacle"
12,-1768400,volunteer,"The agent should volunteer to remove the target obstacle because it is located near 10 evacuees, which indicates a significant potential impact on evacuation. The distance to the exit from the target obstacle is 8.00, which is manageable given the agent's current distance to exit of 11. Additionally, the agent has no current volunteer load, making it feasible to assist without a significant travel burden."
12,-1768414,volunteer,"The agent should volunteer to remove the target obstacle because it has a significant evacuation impact (0.57) with 9 evacuees near the target obstacle. Although the distance to the exit increases by 4 (from 9 to 13), the overall benefit of facilitating the evacuation for multiple evacuees outweighs the travel burden and the current volunteer load is manageable."
12,-1768428,volunteer,"The estimated evacuation impact of 0.60 indicates a significant benefit to the overall evacuation process by removing the target obstacle. Although the agent has a current volunteer load of 2 and there are 74 nearby obstacles, the high number of evacuees (9) near the target obstacle suggests that assisting in its removal will greatly aid in their evacuation. The travel burden is manageable given the distance to exit is only 7, and the agent can contribute positively to the situation."
13,-1768428,volunteer,"assigned volunteer cleared obstacle"
14,-1768414,volunteer,"assigned volunteer cleared obstacle"
15,-1768400,volunteer,"assigned volunteer cleared obstacle"
18,-1768400,volunteer,"The agent should volunteer to remove the target obstacle because the estimated evacuation impact is high (0.70), indicating that assisting in the evacuation will significantly benefit others. The travel burden is manageable with a distance to exit of 7 and the target obstacle is only 4 units away from the exit. Additionally, the agent has no current volunteer load, making it feasible to assist without overburdening themselves."
18,-1768414,volunteer,"The agent should volunteer to remove the target obstacle because it has a significant evacuation impact (0.62) and there are 7 evacuees near the target obstacle. Removing the obstacle will facilitate their escape, outweighing the travel burden and the current volunteer load."
18,-1768428,volunteer,"The agent should volunteer to remove the target obstacle because it is located only 1 unit away from the exit, which allows for a significant evacuation impact of 0.73. Additionally, there are 14 evacuees near the target obstacle, indicating that removing it will facilitate their escape. Although the agent has a current volunteer load of 2, the high evacuation impact and the proximity of the target obstacle to the exit outweigh the travel burden and current load considerations."
19,-1768400,volunteer,"assigned volunteer cleared obstacle"
21,-1768414,volunteer,"assigned volunteer cleared obstacle"
22,-1768428,volunteer,"assigned volunteer cleared obstacle"
24,-1768400,volunteer,"The agent should volunteer to remove the target obstacle because the estimated evacuation impact is significant (0.67), indicating that assisting in the evacuation will greatly benefit the nearby evacuees. The travel burden is manageable with a distance to exit of 5, and the agent currently has no volunteer load, making it feasible to assist without overextending themselves."
24,-1768414,volunteer,"The agent should volunteer to remove the target obstacle because it has a significant evacuation impact (0.71) and there are 14 evacuees near the target obstacle. Removing it will facilitate their escape, outweighing the travel burden and the current volunteer load."
24,-1768428,volunteer,"The agent should volunteer to remove the target obstacle because it has a significant evacuation impact (0.65) and there are 5 evacuees near the target obstacle. Although the agent has a current volunteer load of 2, the immediate benefit of facilitating the evacuation for multiple evacuees outweighs the travel burden and current load."
24,-1768414,volunteer,"assigned volunteer cleared obstacle"
25,-1768400,volunteer,"assigned volunteer cleared obstacle"
26,-1768428,volunteer,"assigned volunteer cleared obstacle"
30,-1768400,volunteer,"The agent should volunteer to remove the target obstacle because it has a significant evacuation impact (0.63) and there are evacuees (4) near the target obstacle. The distance to the exit (5) is manageable, and the agent currently has no volunteer load, making it feasible to assist in the evacuation effort."
30,-1768414,volunteer,"The estimated evacuation impact of 0.71 indicates a significant benefit to removing the target obstacle, as it affects 16 evacuees. Although the agent has a current volunteer load of 1 and the travel burden to the target obstacle is 4.00, the high number of evacuees affected and the relatively short distance to exit (3) justify the decision to volunteer."
30,-1768484,volunteer,"The agent should volunteer to remove the target obstacle at (24, 15) because it has a significant evacuation impact (0.66) and there are 10 evacuees near the target obstacle. The distance to the exit is the same for both the agent and the target obstacle, meaning the travel burden is manageable. Additionally, the agent's current volunteer load is relatively low with only 2 volunteers, allowing for the capacity to assist without overwhelming themselves."
30,-1768484,volunteer,"assigned volunteer cleared obstacle"
31,-1768400,volunteer,"assigned volunteer cleared obstacle"
32,-1768414,volunteer,"assigned volunteer cleared obstacle"
36,-1768400,volunteer,"The agent should volunteer to remove the target obstacle because it has a significant evacuation impact (0.66) and there are 5 evacuees near the target obstacle. Removing the obstacle will facilitate the evacuation of these individuals. The travel burden is minimal as the distance to the exit is only 2, and the agent currently has no volunteer load."
36,-1768414,volunteer,"The estimated evacuation impact of 0.63 indicates a significant benefit to removing the target obstacle, which is crucial given that there are 7 evacuees near it. Although the agent has a current volunteer load of 1, the travel burden to the target obstacle (6.00) is outweighed by the potential positive impact on evacuation for multiple evacuees."
36,-1768484,selfish,"The agent should remain selfish because the estimated evacuation impact of removing the target obstacle (0.56) does not outweigh the travel burden and the current volunteer load. With a distance of 5 to the exit and 2 current volunteers, the agent's contribution would not significantly enhance the evacuation process given the high number of nearby obstacles (62) and the distance to the target obstacle (9.00)."
39,-1768400,volunteer,"assigned volunteer cleared obstacle"
39,-1768414,volunteer,"assigned volunteer cleared obstacle"
42,-1768414,volunteer,"The agent should volunteer to remove the target obstacle because it has a significant evacuation impact (0.65) and there are 5 evacuees near the target obstacle. Removing the obstacle will facilitate their exit, which is a priority. The travel burden is manageable as the distance to the target obstacle is only 2 units away, and the agent currently has no volunteer load."
42,-1768484,volunteer,"The estimated evacuation impact of 0.60 indicates a significant benefit to removing the target obstacle, which is crucial for the evacuation process. Although the agent has a current volunteer load of 1 and there are nearby obstacles, the travel burden is minimal with a distance to exit of only 2. Therefore, volunteering to remove the target obstacle is the best decision to enhance the overall evacuation effort."
42,-1768540,volunteer,"The agent should volunteer to remove the target obstacle because it has a significant evacuation impact (0.64) and there are 4 evacuees near the target obstacle. Removing this obstacle will facilitate their escape, outweighing the travel burden and the current volunteer load."
44,-1768484,volunteer,"assigned volunteer cleared obstacle"
44,-1768540,volunteer,"assigned volunteer cleared obstacle"
48,-1768484,volunteer,"The estimated evacuation impact of 0.60 indicates that removing the target obstacle will significantly aid in the evacuation process. The agent is currently not overloaded with volunteer duties (current_volunteers: 0) and the travel burden to the target obstacle is manageable given the distance to exit (4) and the distance to the target obstacle (2). Therefore, volunteering to remove the obstacle is the best choice for maximizing evacuation efficiency."
48,-1768540,volunteer,"The estimated evacuation impact of 0.57 indicates a significant benefit to the overall evacuation process by removing the target obstacle. Although the agent has a current volunteer load of 1, the travel burden to the target obstacle is manageable, and the presence of evacuees near the target obstacle suggests that their removal will facilitate a smoother evacuation for others."
48,-1768596,volunteer,"The estimated evacuation impact of removing the target obstacle is significant (0.60), which outweighs the travel burden and the current volunteer load. By volunteering, the agent can facilitate the evacuation process for themselves and others."
49,-1768484,volunteer,"assigned volunteer cleared obstacle"
49,-1768540,volunteer,"assigned volunteer cleared obstacle"
51,-1768596,volunteer,"assigned volunteer cleared obstacle"
54,-1768540,volunteer,"The estimated evacuation impact of 0.61 indicates a significant benefit to the overall evacuation process by removing the target obstacle. The agent is currently not overloaded with volunteer duties (current_volunteers: 0) and the travel burden to the target obstacle is manageable given the distance to exit (4) and the proximity of the target obstacle (4). Therefore, volunteering to remove the obstacle will facilitate the evacuation for others, which aligns with the priority of evacuation impact."
54,-1768596,volunteer,"The estimated evacuation impact of 0.60 indicates a significant benefit to removing the target obstacle, which is crucial for the nearby evacuee. Although the agent has a current volunteer load of 1, the travel burden to the target obstacle is manageable, and the distance to exit is still short at 3. Therefore, volunteering to remove the obstacle will enhance the overall evacuation process."
54,-1768596,volunteer,"assigned volunteer cleared obstacle"
56,-1768540,volunteer,"assigned volunteer cleared obstacle"
1,-1770506,volunteer,"The estimated evacuation impact of removing the target obstacle is significant (0.71), and there are 20 evacuees near the target obstacle who would benefit from its removal. The distance to the exit is manageable (10), and the agent currently has no volunteer load, making it feasible to assist without a heavy travel burden."
1,-1770520,volunteer,"The agent should volunteer to remove the target obstacle at (18, 15) because it has a significant evacuation impact (0.67) with 21 evacuees nearby. Although the distance to the exit is slightly increased (11.00), the overall benefit to the evacuation process outweighs the travel burden and the current volunteer load is manageable."
1,-1770534,volunteer,"The estimated evacuation impact of 0.71 indicates that removing the target obstacle will significantly aid in the evacuation process, especially with 23 evacuees near the target obstacle. Although the agent currently has 2 volunteers and a distance of 11 to the exit, the high evacuation impact outweighs the travel burden and current volunteer load."
1,-1770506,volunteer,"assigned volunteer cleared obstacle"
1,-1770520,volunteer,"assigned volunteer cleared obstacle"
1,-1770534,volunteer,"assigned volunteer cleared obstacle"
6,-1770506,volunteer,"The agent should volunteer to remove the target obstacle at (3, 16) because it has a significant evacuation impact (0.71) with 16 evacuees nearby. The distance to the exit from the target obstacle is only 4.00, making it a critical point for facilitating evacuation. Additionally, the agent has no current volunteer load, making it feasible to assist without a travel burden."
6,-1770520,volunteer,"The agent should volunteer to remove the target obstacle at (17, 15) because it has a significant evacuation impact of 0.63, which indicates that clearing this obstacle will greatly benefit the evacuation process. Although the agent has a distance to exit of 11 and is currently carrying a volunteer load of 1, the high number of evacuees (17) near the target obstacle further emphasizes the importance of addressing this obstacle to facilitate a smoother evacuation for a larger group."
6,-1770534,volunteer,"The estimated evacuation impact of 0.62 indicates a significant benefit to removing the target obstacle, especially with 15 evacuees nearby. Although the agent has a current volunteer load of 2, the potential positive impact on the evacuation process outweighs the travel burden and current load."
6,-1770506,volunteer,"assigned volunteer cleared obstacle"
6,-1770520,volunteer,"assigned volunteer cleared obstacle"
7,-1770534,volunteer,"assigned volunteer cleared obstacle"
12,-1770506,volunteer,"The estimated evacuation impact of 0.80 indicates that removing the target obstacle will significantly aid in the evacuation process for the 27 nearby evacuees. The distance to the exit is only 3.00 from the target obstacle, suggesting that removing it will facilitate quicker access to the exit. Additionally, the agent has no current volunteer load, making it feasible to assist without a significant travel burden."
12,-1770520,volunteer,"The agent should volunteer to remove the target obstacle because it has a significant evacuation impact (0.59) with 10 evacuees near the target obstacle. Although the distance to the exit is longer (12.00) for the target obstacle, the overall benefit to the evacuation process outweighs the travel burden and the current volunteer load."
12,-1770534,volunteer,"The estimated evacuation impact of 0.74 is significant, indicating that removing the target obstacle will greatly aid the evacuation process. Although the agent has a current volunteer load of 2, the high number of evacuees (25) near the target obstacle and its proximity to the exit (7.00) make it a priority to assist in removing it for the greater good."
12,-1770506,volunteer,"assigned volunteer cleared obstacle"
13,-1770520,volunteer,"assigned volunteer cleared obstacle"
13,-1770534,volunteer,"assigned volunteer cleared obstacle"
18,-1770506,volunteer,"The agent should volunteer to remove the target obstacle at (4, 17) because it has a significant estimated evacuation impact of 0.71, which indicates that removing this obstacle will greatly facilitate the evacuation process for the 18 evacuees nearby. The distance to the exit is already short at 6, and the agent has no current volunteer load, making it feasible for them to assist without a significant travel burden."
18,-1770520,volunteer,"The estimated evacuation impact of 0.69 indicates a significant benefit to removing the target obstacle, as it affects 18 evacuees nearby. The travel burden is manageable with a distance of 3 units to the target obstacle, and the current volunteer load of 1 is not excessive. Therefore, volunteering to remove the obstacle will enhance overall evacuation efforts."
18,-1770534,volunteer,"The estimated evacuation impact of 0.70 indicates a significant benefit to removing the target obstacle, as it would facilitate the evacuation of 15 nearby evacuees. The travel burden is manageable with a distance of 5.00 to the target obstacle, and the current volunteer load of 2 is not excessive given the potential positive outcome for many evacuees."
18,-1770506,volunteer,"assigned volunteer cleared obstacle"
19,-1770534,volunteer,"assigned volunteer cleared obstacle"
20,-1770520,volunteer,"assigned volunteer cleared obstacle"
24,-1770506,volunteer,"The agent should volunteer to remove the target obstacle because the estimated evacuation impact is high (0.75), indicating that assisting in the evacuation will significantly benefit the nearby evacuees. The travel burden is manageable with a distance to exit of 5 and the target obstacle being only 4 units away. Additionally, the agent currently has no volunteer load, making it feasible to assist without overextending themselves."
24,-1770520,volunteer,"The agent should volunteer to remove the target obstacle at (24, 13) because it has a significant evacuation impact (0.71) with 17 evacuees nearby. The distance to the exit from the target obstacle is relatively short (5.00), which indicates that removing this obstacle will facilitate a quicker evacuation for many. Although the agent has a current volunteer load of 1, the high evacuation impact outweighs the travel burden and current load considerations."
24,-1770534,volunteer,"The estimated evacuation impact of 0.74 is significant, indicating that removing the target obstacle will greatly aid the evacuation process. The distance to the exit is only 3 units from the target obstacle, making it a critical point for evacuees. Although the agent has a current volunteer load of 2, the high number of evacuees (19) near the target obstacle and the potential positive impact on evacuation outweighs the travel burden and current load."
24,-1770520,volunteer,"assigned volunteer cleared obstacle"
24,-1770534,volunteer,"assigned volunteer cleared obstacle"
30,-1770520,volunteer,"The estimated evacuation impact of 0.68 indicates a significant benefit to the overall evacuation process by removing the target obstacle. The distance to the exit is only 4, and the target obstacle is 3 away from the exit, meaning that removing it will facilitate the evacuation of 9 nearby evacuees. Although the agent currently has 1 volunteer load, the high impact on evacuation outweighs the travel burden and current load."
30,-1770534,volunteer,"The estimated evacuation impact of 0.72 indicates that removing the target obstacle will significantly aid the evacuation process, especially with 13 evacuees near the target obstacle. Although the agent has a current volunteer load of 2, the immediate benefit to the evacuation outweighs the travel burden of moving to the target obstacle, which is only 1 unit away."
30,-1770562,volunteer,"The estimated evacuation impact of removing the target obstacle is significant (0.71), and there are 16 evacuees near the target obstacle. Although the agent has a current volunteer load of 3, the high evacuation impact and the relatively short distance to the exit (4.00) justify the decision to volunteer."
30,-1770534,volunteer,"assigned volunteer cleared obstacle"
32,-1770506,volunteer,"assigned volunteer cleared obstacle"
32,-1770520,volunteer,"assigned volunteer cleared obstacle"
36,-1770506,volunteer,"The agent should volunteer to remove the target obstacle because it has a significant evacuation impact (0.59) and there are evacuees (4) near the target obstacle. Although the distance to the exit from the target obstacle is 8.00, the overall benefit of facilitating evacuation for multiple evacuees outweighs the travel burden and the agent's current volunteer load (0)."
36,-1770520,volunteer,"The agent should volunteer to remove the target obstacle because it has a significant evacuation impact (0.65) and there are 6 evacuees near the target obstacle. Removing this obstacle will facilitate the evacuation of multiple individuals, which is prioritized over the agent's travel burden and current volunteer load."
36,-1770562,volunteer,"The estimated evacuation impact of 0.65 indicates a significant benefit to removing the target obstacle, especially since there are 5 evacuees near it. Although the agent has a current volunteer load of 2, the travel burden to the target obstacle is manageable (3.00 to exit), and the overall evacuation impact outweighs the agent's selfish interests."
36,-1770520,volunteer,"assigned volunteer cleared obstacle"
37,-1770562,volunteer,"assigned volunteer cleared obstacle"
38,-1770506,volunteer,"assigned volunteer cleared obstacle"
42,-1770506,volunteer,"The agent should volunteer to remove the target obstacle because it has a significant evacuation impact (0.59) and there is only one evacuee near the target obstacle. Removing the obstacle will facilitate the evacuation process, despite the travel burden and the agent's current volunteer load being zero."
42,-1770520,volunteer,"The estimated evacuation impact of 0.64 indicates a significant benefit to the overall evacuation effort by removing the target obstacle. The agent is only 3 units away from the exit and has a manageable current volunteer load of 1, making the travel burden reasonable. Additionally, there are 3 evacuees near the target obstacle, suggesting that their evacuation would be facilitated by the agent's action."
42,-1770786,volunteer,"The estimated evacuation impact of 0.66 indicates a significant benefit to the overall evacuation process by removing the target obstacle. Although the agent has a current volunteer load of 2, the proximity to the exit (1 unit away) and the presence of 7 evacuees near the target obstacle suggest that volunteering will facilitate the evacuation of multiple individuals, outweighing the travel burden and current load."
42,-1770506,volunteer,"assigned volunteer cleared obstacle"
43,-1770786,volunteer,"assigned volunteer cleared obstacle"
44,-1770520,volunteer,"assigned volunteer cleared obstacle"
48,-1770520,volunteer,"The agent should volunteer to remove the target obstacle because it is located only 1 unit away from the exit, which allows for a significant evacuation impact of 0.65. Additionally, there are 2 evacuees near the target obstacle, indicating that removing it will facilitate their exit. The agent has no current volunteer load, making it feasible to assist without a travel burden."
48,-1770702,selfish,"The agent should remain selfish because the target obstacle has a significant distance to the exit (8.00), and the estimated evacuation impact (0.57) does not justify the travel burden of removing it, especially considering the agent is already a volunteer and has a nearby exit (3 units away). The current volunteer load is also a factor, as the agent already has one volunteer role."
48,-1770786,volunteer,"The agent should volunteer to remove the target obstacle because it has a significant evacuation impact (0.63) and there are evacuees near the target obstacle (2). Although the agent has a current volunteer load of 1, the distance to exit is only 1, making the travel burden manageable. Removing the obstacle will facilitate the evacuation of others, which is prioritized over the agent's selfish interests."
48,-1770520,volunteer,"assigned volunteer cleared obstacle"
50,-1770786,volunteer,"assigned volunteer cleared obstacle"
54,-1770520,volunteer,"The agent should volunteer to remove the target obstacle because it has a significant evacuation impact (0.57) and there is only one evacuee near the target obstacle. The distance to the exit is manageable (3), and the agent has no current volunteer load, making it feasible to assist without a significant travel burden."
57,-1770520,volunteer,"assigned volunteer cleared obstacle"
60,-1770520,volunteer,"The estimated evacuation impact of 0.58 indicates a significant benefit to removing the target obstacle, which is crucial for the evacuation process. The agent has no current volunteer load and is positioned close to the target obstacle, making the travel burden minimal. Therefore, volunteering to remove the obstacle will facilitate the evacuation for others."
60,-1770520,volunteer,"assigned volunteer cleared obstacle"
66,-1770520,volunteer,"The estimated evacuation impact of 0.57 indicates that removing the target obstacle will significantly aid the evacuation process. Although the distance to the exit is 5 and the target obstacle is 8 away, the presence of 1 evacuee near the target obstacle suggests that their removal will facilitate the exit for others. The agent has no current volunteer load, making it feasible to assist without additional burden."
67,-1770520,volunteer,"assigned volunteer cleared obstacle"
72,-1770520,volunteer,"The estimated evacuation impact of 0.56 indicates a significant benefit to the overall evacuation process by removing the target obstacle. The agent is currently not overloaded with volunteer duties (current_volunteers: 0) and the travel burden to the target obstacle is manageable given the proximity (distance to exit: 5). Therefore, volunteering to remove the obstacle is the best decision for maximizing evacuation efficiency."
74,-1770520,volunteer,"assigned volunteer cleared obstacle"
78,-1770520,volunteer,"The agent should volunteer to remove the target obstacle because it has a significant evacuation impact (0.56) and there is only one evacuee near the target obstacle. Although the distance to the exit is longer for the target obstacle (9.00), the overall benefit of facilitating the evacuation outweighs the travel burden and the agent's current volunteer load (0)."
79,-1770520,volunteer,"assigned volunteer cleared obstacle"
1,-1772612,volunteer,"The estimated evacuation impact of removing the target obstacle is significant (0.67), and there are 17 evacuees near the target obstacle who would benefit from its removal. The agent has no current volunteer load and the travel burden to the target obstacle is manageable, making it a favorable decision to volunteer."
1,-1772626,volunteer,"The agent should volunteer to remove the target obstacle because the evacuation impact is significant (0.69) and there are 9 evacuees near the target obstacle. The distance to the exit is already 0, indicating that the agent can afford to assist without increasing their travel burden. Additionally, the current volunteer load is manageable with only 1 current volunteer."
1,-1772640,volunteer,"The estimated evacuation impact of 0.64 indicates a significant benefit to removing the target obstacle, especially with 21 evacuees near it. Although the agent has a current volunteer load of 2 and the travel burden to the target obstacle is not negligible, the potential positive impact on the evacuation process outweighs these concerns. Therefore, the agent should volunteer to remove the target obstacle."
1,-1772612,volunteer,"assigned volunteer cleared obstacle"
2,-1772640,volunteer,"assigned volunteer cleared obstacle"
6,-1772612,volunteer,"The estimated evacuation impact of removing the target obstacle is significant (0.73), which indicates a strong benefit to the overall evacuation process. The distance to the exit is manageable (9), and the travel burden of removing the obstacle is outweighed by the potential benefit to the 23 evacuees near the target obstacle. Additionally, the current volunteer load is low (1), making it feasible for the agent to assist without overburdening themselves."
6,-1772640,volunteer,"The estimated evacuation impact of removing the target obstacle is significant (0.61), which indicates that it would greatly aid in the evacuation process. Although the agent has a current volunteer load of 2, the high number of evacuees (12) near the target obstacle and the proximity to the exit (11 units) suggest that volunteering would facilitate a quicker evacuation for many individuals. Therefore, the benefits of volunteering outweigh the travel burden and current volunteer load."
6,-1772654,volunteer,"The agent should volunteer to remove the target obstacle because the estimated evacuation impact is high (0.71), indicating that removing the obstacle will significantly aid the evacuation process. Although the agent has a current volunteer load of 3, the presence of 21 evacuees near the target obstacle suggests that their assistance is crucial for a larger group, outweighing the travel burden and current load."
6,-1772612,volunteer,"assigned volunteer cleared obstacle"
8,-1772640,volunteer,"assigned volunteer cleared obstacle"
12,-1772612,volunteer,"The estimated evacuation impact of 0.73 indicates a significant benefit to the overall evacuation process by removing the target obstacle. The distance to the exit is relatively short at 8, and the travel burden to the target obstacle is manageable at 3.00. Additionally, with only 1 current volunteer, the agent's contribution will help facilitate the evacuation of 17 nearby evacuees, making it a priority to assist in this situation."
12,-1772640,volunteer,"The estimated evacuation impact of 0.56 indicates that removing the target obstacle will significantly aid in the evacuation process, especially with 6 evacuees near the target obstacle. Although the agent has a current volunteer load of 2, the potential benefit to the overall evacuation outweighs the travel burden and current load. Therefore, volunteering is the best choice."
12,-1772654,volunteer,"The estimated evacuation impact of 0.72 indicates that removing the target obstacle will significantly aid the evacuation process, especially with 16 evacuees nearby. The distance to the exit is only 3.00 from the target obstacle, making it a critical point for evacuation. Although the agent has 3 current volunteers, the high evacuation impact outweighs the travel burden and current load, justifying the decision to volunteer."
12,-1772640,volunteer,"assigned volunteer cleared obstacle"
13,-1772612,volunteer,"assigned volunteer cleared obstacle"
18,-1772612,volunteer,"The agent should volunteer to remove the target obstacle because it has a significant evacuation impact (0.72) with 12 evacuees nearby. The distance to the exit is minimal (1.00) from the target obstacle, indicating that removing it would facilitate a quicker evacuation for many. The travel burden is low, and the current volunteer load is manageable with only 1 volunteer. Therefore, the benefits of volunteering outweigh the costs."
18,-1772640,volunteer,"The estimated evacuation impact of 0.58 indicates a significant benefit to the overall evacuation process by removing the target obstacle. Although the agent has a current volunteer load of 2 and is an evacuee, the presence of 6 evacuees near the target obstacle suggests that their removal would facilitate a smoother evacuation for multiple individuals. The travel burden is manageable given the proximity to the exit (10 units). Therefore, volunteering to remove the obstacle is the most beneficial choice."
18,-1772654,volunteer,"The agent should volunteer to remove the target obstacle because the evacuation impact is significant (0.74) with 17 evacuees near the target obstacle. The distance to the exit is short (2.00) for the target obstacle, which indicates that removing it will facilitate a quicker evacuation for many. Although the agent has a current volunteer load of 3, the high evacuation impact outweighs the travel burden and current load."
18,-1772654,volunteer,"assigned volunteer cleared obstacle"
19,-1772612,volunteer,"assigned volunteer cleared obstacle"
21,-1772640,volunteer,"assigned volunteer cleared obstacle"
24,-1772612,volunteer,"The estimated evacuation impact of 0.74 is significant, indicating that removing the target obstacle will greatly aid in the evacuation process. The distance to the exit is only 4, and the target obstacle is 3 away from the exit, meaning that removing it will facilitate the escape of 19 nearby evacuees. Although the agent currently has 1 volunteer load, the high impact on evacuation outweighs the travel burden and current load."
24,-1772668,volunteer,"The estimated evacuation impact of 0.65 indicates that removing the target obstacle will significantly aid the evacuation process, especially with 12 evacuees near it. Although the agent has a current volunteer load of 2, the potential benefit to the overall evacuation outweighs the travel burden and current load."
24,-1772682,selfish,"The agent should remain selfish because the estimated evacuation impact of 0.52 is not significant enough to outweigh the travel burden of moving towards the target obstacle, which is 13 units away. Additionally, the agent already has a current volunteer load of 3, which suggests that their capacity to assist is limited."
24,-1772668,volunteer,"assigned volunteer cleared obstacle"
25,-1772612,volunteer,"assigned volunteer cleared obstacle"
30,-1772668,volunteer,"The estimated evacuation impact of 0.61 indicates a significant benefit to removing the target obstacle, as there are 6 evacuees nearby who would be positively affected. The distance to the exit is manageable at 9, and the travel burden of removing the obstacle is outweighed by the potential to assist multiple evacuees. Although the agent currently has 1 volunteer load, the priority is to maximize evacuation impact."
30,-1772682,volunteer,"The estimated evacuation impact of 0.56 indicates a significant benefit to the overall evacuation process by removing the target obstacle. Although the agent has a current volunteer load of 2, the travel burden to the target obstacle is manageable, and the presence of only 1 nearby evacuee suggests that assisting in this situation will enhance the evacuation for others."
30,-1772696,volunteer,"The estimated evacuation impact of 0.71 indicates a significant benefit to the overall evacuation process by removing the target obstacle. Although the agent has a current volunteer load of 3, the high number of evacuees (15) near the target obstacle and the proximity to the exit (4 units) suggest that volunteering will facilitate a quicker evacuation for many individuals, outweighing the travel burden and current volunteer load."
30,-1772682,volunteer,"assigned volunteer cleared obstacle"
32,-1772668,volunteer,"assigned volunteer cleared obstacle"
34,-1772696,volunteer,"assigned volunteer cleared obstacle"
36,-1772668,volunteer,"Removing the target obstacle (12, 6) will have a significant evacuation impact (0.59) as there are 3 evacuees near it. The distance to the exit is manageable (6), and the current volunteer load is low (1). Therefore, volunteering is the best choice to facilitate evacuation."
36,-1772682,selfish,"The estimated evacuation impact of removing the target obstacle is 0.55, which is moderate, but the agent already has a current volunteer load of 2. Given the distance to the exit is 10 and the travel burden of navigating to the target obstacle (7, 4) adds additional complexity, it is more beneficial for the agent to remain selfish and not take on more responsibility."
36,-1772696,volunteer,"The agent should volunteer to remove the target obstacle because it has a significant evacuation impact (0.70) and there are 13 evacuees near the target obstacle. Although the agent has a current volunteer load of 2, the urgency of facilitating the evacuation for a larger group outweighs the travel burden and current load."
36,-1772696,volunteer,"assigned volunteer cleared obstacle"
37,-1772668,volunteer,"assigned volunteer cleared obstacle"
42,-1772640,volunteer,"The agent should volunteer to remove the target obstacle because it is located near 7 evacuees, which indicates a significant evacuation impact (0.61). Although the distance to the exit for the target obstacle is 8.00, the agent's current distance to exit is only 5, making the travel burden manageable. Additionally, the agent has a low current volunteer load (1), allowing them to assist without overextending themselves."
42,-1772668,volunteer,"The estimated evacuation impact of 0.61 indicates a significant benefit to removing the target obstacle. Although the agent has a current volunteer load of 2, the evacuation impact takes precedence, and the agent is in a position to help clear the path for evacuees, especially since there are 2 evacuees near the target obstacle."
42,-1772682,volunteer,"The estimated evacuation impact of 0.58 indicates a significant benefit to removing the target obstacle, which is crucial for the nearby evacuee. Although the agent has a current volunteer load of 3, the evacuation impact takes precedence, and the travel burden to the target obstacle is manageable."
42,-1772668,volunteer,"assigned volunteer cleared obstacle"
42,-1772682,volunteer,"assigned volunteer cleared obstacle"
47,-1772640,volunteer,"assigned volunteer cleared obstacle"
48,-1772640,volunteer,"The agent should volunteer to remove the target obstacle because it has a significant evacuation impact (0.64) and there are 5 evacuees near the target obstacle. The distance to the exit from the target obstacle is also relatively short (4.00), making it feasible to assist in the evacuation despite the current volunteer load being only 1."
48,-1772682,selfish,"The estimated evacuation impact of removing the target obstacle is 0.60, which is significant. However, the agent is already carrying a current volunteer load of 2 and is only 4 units away from the exit. Given the travel burden and the current volunteer load, it is more beneficial for the agent to prioritize their own evacuation rather than volunteering to remove the obstacle, especially since the distance to the target obstacle is greater than the distance to the exit."
48,-1772780,volunteer,"The estimated evacuation impact of 0.62 indicates that removing the target obstacle will significantly aid in the evacuation process. Although the agent has a current volunteer load of 2, the presence of 3 evacuees near the target obstacle and the relatively short distance to the exit (4) suggest that volunteering will facilitate a quicker evacuation for multiple individuals, outweighing the travel burden."
48,-1772780,volunteer,"assigned volunteer cleared obstacle"
50,-1772640,volunteer,"assigned volunteer cleared obstacle"
54,-1772640,volunteer,"The agent should volunteer to remove the target obstacle because it has a significant evacuation impact (0.57) and there are evacuees near the target obstacle (2). The distance to the exit is manageable (5), and the current volunteer load is low (1). Removing the obstacle will facilitate evacuation for others, which aligns with the priority of evacuation impact."
54,-1772780,selfish,"The estimated evacuation impact of removing the target obstacle is moderate (0.62), but the agent is already carrying a current volunteer load of 2 and is only 3 units away from the exit. Given the travel burden and the potential for increased risk by engaging with the nearby obstacles, it is more beneficial for the agent to prioritize their own evacuation over volunteering to remove the obstacle."
54,-1772990,selfish,"The agent should remain selfish because the target obstacle is 9 units away from the exit, which significantly impacts evacuation. The agent is already 4 units from the exit and has a current volunteer load of 2. Given the low estimated evacuation impact of 0.56 and the high travel burden to remove the obstacle, it is more beneficial for the agent to prioritize their own evacuation."
56,-1772640,volunteer,"assigned volunteer cleared obstacle"
60,-1772640,volunteer,"The estimated evacuation impact of 0.55 indicates that removing the target obstacle will significantly aid in the evacuation process. Although the agent has a current volunteer load of 1 and is an evacuee, the potential benefit to the overall evacuation outweighs the travel burden and current load. The agent's proximity to the target obstacle and the presence of another evacuee nearby further support the decision to volunteer."
60,-1773466,selfish,"The agent should remain selfish because the target obstacle is 6 units away from the exit, which has a significant evacuation impact of 0.61, but the agent is already carrying a current volunteer load of 2. Given the travel burden and the existing load, it is more beneficial for the agent to prioritize their own evacuation over volunteering to remove the obstacle."
60,-1774264,volunteer,"The agent should volunteer to remove the target obstacle because the estimated evacuation impact is significant (0.65), which indicates that helping to clear the path will greatly benefit the evacuation process. Although the agent has a current volunteer load of 2, the travel burden to the target obstacle is manageable (2.00) and the agent is in close proximity to the exit (1). Prioritizing evacuation impact over personal burden aligns with the goal of ensuring a successful evacuation."
60,-1774264,volunteer,"assigned volunteer cleared obstacle"
61,-1772640,volunteer,"assigned volunteer cleared obstacle"
66,-1772640,selfish,"The agent should remain selfish because the estimated evacuation impact of 0.58 is not high enough to justify the travel burden of moving to the target obstacle, which is 7 units away from the exit. Additionally, the agent already has a current volunteer load of 1, and the nearby obstacle situation is severe with 56 obstacles present, indicating that the agent's efforts may be better spent on their own evacuation rather than attempting to remove a single obstacle."
66,-1773466,volunteer,"The estimated evacuation impact of 0.62 indicates a significant benefit to the overall evacuation process by removing the target obstacle. The agent is only 3 units away from the exit and has a manageable current volunteer load of 1, making it feasible to assist without excessive travel burden."
68,-1773466,volunteer,"assigned volunteer cleared obstacle"
1,-1774718,volunteer,"The agent should volunteer to remove the target obstacle at (5, 19) because it has a significant evacuation impact (0.66) with 16 evacuees nearby. The distance to the exit is manageable at 10, and the agent currently has no volunteer load, making it feasible to assist in the evacuation effort."
1,-1774732,volunteer,"The estimated evacuation impact of 0.69 indicates a significant benefit to removing the target obstacle, as there are 16 evacuees near it. Although the agent has a current volunteer load of 1, the potential positive impact on the evacuation process outweighs the travel burden and current load. Therefore, the agent should volunteer to remove the target obstacle."
1,-1774746,selfish,"The agent should remain selfish because the evacuation impact of removing the target obstacle is relatively low (0.62) compared to the burden of traveling to the target obstacle (distance to exit increases to 12). Additionally, the agent already has a current volunteer load of 2, which may hinder their ability to evacuate efficiently."
1,-1774718,volunteer,"assigned volunteer cleared obstacle"
2,-1774732,volunteer,"assigned volunteer cleared obstacle"
6,-1774718,volunteer,"The estimated evacuation impact of 0.74 indicates a significant benefit to removing the target obstacle, which is crucial given that there are 22 evacuees near it. The distance to the exit is manageable at 8, and the agent has no current volunteer load, making it feasible to assist without a heavy travel burden."
6,-1774732,volunteer,"The estimated evacuation impact of 0.74 indicates that removing the target obstacle will significantly aid in the evacuation process, especially with 21 evacuees near the target obstacle. The distance to the exit is manageable at 6, and the current volunteer load of 1 is not excessive compared to the potential benefit of assisting many evacuees."
6,-1774746,volunteer,"The estimated evacuation impact of 0.69 indicates that removing the target obstacle will significantly aid the evacuation process, especially with 19 evacuees nearby. Although the agent has a current volunteer load of 2, the high number of evacuees near the target obstacle and the distance to exit remaining for the agent suggests that volunteering will have a greater positive impact on the overall evacuation than remaining selfish."
6,-1774746,volunteer,"assigned volunteer cleared obstacle"
9,-1774732,volunteer,"assigned volunteer cleared obstacle"
12,-1774732,volunteer,"The agent should volunteer to remove the target obstacle at (8, 13) because it has a significant evacuation impact (0.68) with 17 evacuees nearby. Although the distance to the exit is slightly increased (8.00), the overall benefit to the evacuation process outweighs the travel burden and the agent has no current volunteer load."
12,-1774746,volunteer,"The agent should volunteer to remove the target obstacle at (15, 6) because it has a significant evacuation impact (0.69) with 16 evacuees nearby. Although the distance to the exit is 5 and the agent has a current volunteer load of 1, the high number of evacuees near the obstacle and the potential to facilitate their evacuation outweigh the travel burden and current load."
12,-1774760,volunteer,"The estimated evacuation impact of 0.68 indicates a significant benefit to the overall evacuation effort by removing the target obstacle. Although the agent has a current volunteer load of 2, the high number of evacuees (18) near the target obstacle and the distance to exit (7) suggest that assisting in this situation will greatly enhance the evacuation process, outweighing the travel burden and current volunteer load."
12,-1774732,volunteer,"assigned volunteer cleared obstacle"
12,-1774746,volunteer,"assigned volunteer cleared obstacle"
12,-1774760,volunteer,"assigned volunteer cleared obstacle"
18,-1774732,volunteer,"The estimated evacuation impact of 0.55 indicates a significant benefit to removing the target obstacle, which is crucial for the overall evacuation effort. Although the target obstacle is 10 units away from the exit, the agent's current position allows for a potential reduction in evacuation time for the nearby evacuees. The agent has no current volunteer load, making it feasible to assist without a travel burden. Therefore, volunteering to remove the obstacle is the best decision."
18,-1774746,volunteer,"The agent should volunteer to remove the target obstacle at (16, 3) because it has a significant evacuation impact (0.67) with 9 evacuees nearby. The distance to the exit from the target obstacle is also relatively short (4.00), which indicates that removing the obstacle will facilitate a quicker evacuation for multiple individuals. Although the agent currently has one volunteer load, the high impact on evacuation outweighs the travel burden and current load considerations."
18,-1774760,volunteer,"The agent should volunteer to remove the target obstacle because the estimated evacuation impact is high (0.76) and there are 23 evacuees near the target obstacle. Removing it will significantly aid in the evacuation process. Although the agent has a current volunteer load of 2, the travel burden to the target obstacle is manageable, and the distance to exit is still short (5). Thus, the benefits of volunteering outweigh the costs."
18,-1774746,volunteer,"assigned volunteer cleared obstacle"
18,-1774760,volunteer,"assigned volunteer cleared obstacle"
21,-1774732,volunteer,"assigned volunteer cleared obstacle"
24,-1774746,volunteer,"The agent should volunteer to remove the target obstacle because the estimated evacuation impact is significant (0.69), and there are 11 evacuees near the target obstacle. Removing it will facilitate their escape, outweighing the travel burden and the current volunteer load, which is zero."
24,-1774760,volunteer,"The agent should volunteer to remove the target obstacle because it has a significant evacuation impact (0.70) and there are 16 evacuees near the target obstacle. Although the agent has a current volunteer load of 1, the evacuation impact takes precedence over the travel burden and current load. Removing the obstacle will facilitate the evacuation of multiple individuals, which is the primary goal."
24,-1774774,volunteer,"The agent should volunteer to remove the target obstacle at (27, 13) because it has a significant evacuation impact (0.71) with 12 evacuees nearby. The distance to the exit is only 2.00, indicating that removing this obstacle will facilitate a quicker evacuation for many. Although the agent has a current volunteer load of 2, the high evacuation impact outweighs the travel burden and current load."
24,-1774760,volunteer,"assigned volunteer cleared obstacle"
24,-1774774,volunteer,"assigned volunteer cleared obstacle"
27,-1774746,volunteer,"assigned volunteer cleared obstacle"
30,-1774746,volunteer,"The agent should volunteer to remove the target obstacle because the estimated evacuation impact is significant (0.66), indicating that helping to clear the path will greatly benefit the evacuation process. Although there are 67 nearby obstacles and 8 evacuees near the target obstacle, the agent's current volunteer load is 0, meaning they can assist without additional burden. The distance to the exit is also short (2), making it feasible for the agent to contribute effectively."
30,-1774760,volunteer,"The agent should volunteer to remove the target obstacle because it has a significant evacuation impact (0.67) and there are 13 evacuees near the target obstacle. Although the agent has a current volunteer load of 1 and the distance to the exit is 4, the potential benefit of facilitating evacuation for multiple evacuees outweighs the travel burden and current load."
30,-1774802,volunteer,"The estimated evacuation impact of 0.62 indicates that removing the target obstacle will significantly aid in the evacuation process. The distance to the exit is already short at 4, and the agent has a manageable current volunteer load of 2. Therefore, the benefits of volunteering outweigh the travel burden."
30,-1774746,volunteer,"assigned volunteer cleared obstacle"
30,-1774760,volunteer,"assigned volunteer cleared obstacle"
32,-1774802,volunteer,"assigned volunteer cleared obstacle"
36,-1774760,volunteer,"The agent should volunteer to remove the target obstacle because it has a significant evacuation impact (0.63) and there are 9 evacuees near the target obstacle. Removing it will facilitate their exit, outweighing the travel burden of 7 units to the exit and the fact that the agent currently has no volunteer load."
36,-1774802,selfish,"The estimated evacuation impact of 0.55 is moderate, but the distance to the exit is only 5, indicating that the agent can reach safety quickly. The travel burden of removing the target obstacle (10 units to exit) outweighs the potential benefit of assisting, especially since the agent already has a current volunteer load of 1. Therefore, it is more beneficial for the agent to prioritize their own evacuation."
36,-1775082,volunteer,"The estimated evacuation impact of removing the target obstacle is significant (0.61), and there are 6 evacuees near the target obstacle who would benefit from its removal. The distance to the exit remains manageable at 7, and the current volunteer load is low (1). Therefore, volunteering to remove the obstacle will enhance the overall evacuation process."
36,-1774760,volunteer,"assigned volunteer cleared obstacle"
38,-1775082,volunteer,"assigned volunteer cleared obstacle"
42,-1774760,volunteer,"The agent should volunteer to remove the target obstacle because it has a significant evacuation impact (0.69) and there are 7 evacuees near the target obstacle. Removing the obstacle will facilitate their exit, which is a priority. The travel burden is minimal as the target obstacle is only 1 unit away from the exit, and the agent currently has no volunteer load."
42,-1775082,volunteer,"The estimated evacuation impact of 0.68 indicates a significant benefit to removing the target obstacle, especially since there are 6 evacuees near it. The distance to the exit is only 6, and the target obstacle is just 1 unit away, making the travel burden minimal. Additionally, the agent currently has a low volunteer load with only 1 current volunteer role, allowing them to assist without overburdening themselves."
42,-1775124,volunteer,"The agent should volunteer to remove the target obstacle at (13, 28) because it is directly blocking the exit for 5 nearby evacuees, which has a significant evacuation impact of 0.67. The distance to the exit is only 1, indicating that removing this obstacle will facilitate immediate evacuation. Although the agent has a current volunteer load of 2, the urgency of the situation and the high number of evacuees affected outweigh the travel burden and current load considerations."
42,-1775124,volunteer,"assigned volunteer cleared obstacle"
48,-1774760,volunteer,"The agent should volunteer to remove the target obstacle because it has a significant evacuation impact (0.61) and there are evacuees near the target obstacle (2). The distance to the exit is only 1, indicating that the agent can quickly return to safety after assisting. The current volunteer load is 0, meaning the agent is not overburdened and can help without significant travel burden."
48,-1776272,volunteer,"The estimated evacuation impact of 0.60 indicates a significant benefit to the overall evacuation process by removing the target obstacle. The agent is only 2 units away from the exit, and although there is a travel burden to the target obstacle, the positive impact on evacuation outweighs the burden. Additionally, the current volunteer load is manageable with only 1 volunteer already present."
50,-1776272,volunteer,"assigned volunteer cleared obstacle"
54,-1776272,selfish,"The agent is an evacuee with a distance of 1 to the exit and only one nearby agent. The target obstacle is 6 units away from the exit, and there is only one evacuee near it. The estimated evacuation impact of 0.59 does not justify the travel burden of moving to remove the obstacle, especially since the agent already has a current volunteer load. Therefore, the agent should remain selfish."
1,-1776824,volunteer,"The estimated evacuation impact of 0.72 is significant, indicating that removing the target obstacle will greatly aid in the evacuation process. The travel burden to the target obstacle is manageable at a distance of 5.00 to the exit, and the agent currently has no volunteer load. Therefore, volunteering to remove the obstacle is the best choice for maximizing evacuation efficiency."
1,-1776838,volunteer,"The estimated evacuation impact of 0.68 indicates a significant benefit to the overall evacuation process by removing the target obstacle. Although the agent has a current volunteer load of 1, the high number of evacuees (24) near the target obstacle and the distance to exit (10) suggest that assisting in obstacle removal will greatly enhance evacuation efficiency, outweighing the travel burden."
1,-1776852,volunteer,"The estimated evacuation impact of 0.66 is significant, indicating that removing the target obstacle will greatly aid in the evacuation process. Although the agent has a current volunteer load of 2 and there are 14 evacuees near the target obstacle, the potential benefit to the overall evacuation outweighs the travel burden and current load. Therefore, the agent should volunteer to remove the target obstacle."
2,-1776824,volunteer,"assigned volunteer cleared obstacle"
2,-1776838,volunteer,"assigned volunteer cleared obstacle"
3,-1776852,volunteer,"assigned volunteer cleared obstacle"
6,-1776824,volunteer,"The agent should volunteer to remove the target obstacle because it has a significant evacuation impact (0.75) and is close to the exit (2.00 distance). The presence of 19 evacuees near the target obstacle indicates a high need for assistance, and the agent has no current volunteer load, making it feasible to help without additional travel burden."
6,-1776838,volunteer,"The agent should volunteer to remove the target obstacle at (14, 22) because it has a significant evacuation impact (0.71) with 21 evacuees nearby. The distance to the exit is manageable (7.00), and although the agent has a current volunteer load of 1, the priority is to maximize evacuation impact."
6,-1776852,volunteer,"The estimated evacuation impact of removing the target obstacle is significant (0.70), which outweighs the travel burden and the current volunteer load. By volunteering, the agent can help clear a path for 19 nearby evacuees, facilitating their exit and improving overall evacuation efficiency."
6,-1776838,volunteer,"assigned volunteer cleared obstacle"
6,-1776852,volunteer,"assigned volunteer cleared obstacle"
7,-1776824,volunteer,"assigned volunteer cleared obstacle"
12,-1776824,volunteer,"The agent should volunteer to remove the target obstacle because it has a high estimated evacuation impact (0.79) and there are 23 evacuees near the target obstacle. Removing this obstacle will significantly aid in the evacuation process, and the distance to the exit is only 1.00, making the travel burden minimal. Additionally, the agent currently has no volunteer load, making it feasible to assist."
12,-1776838,volunteer,"The estimated evacuation impact of removing the target obstacle is high (0.70), which suggests that it would significantly aid the evacuation process. The agent is relatively close to the exit (6 units away) and the target obstacle (5 units away), making the travel burden manageable. Additionally, the agent currently has a low volunteer load (1), indicating that they can take on the task without overextending themselves."
12,-1776852,volunteer,"The estimated evacuation impact of 0.62 indicates that removing the target obstacle will significantly aid in the evacuation process. Although there are 9 nearby evacuees and the agent has a current volunteer load of 2, the potential benefit to the overall evacuation outweighs the travel burden and current load. The distance to the exit is manageable at 5, making it feasible for the agent to assist."
12,-1776838,volunteer,"assigned volunteer cleared obstacle"
13,-1776852,volunteer,"assigned volunteer cleared obstacle"
14,-1776824,volunteer,"assigned volunteer cleared obstacle"
18,-1776824,volunteer,"The agent should volunteer to remove the target obstacle because the estimated evacuation impact is high (0.71) and there are 14 evacuees near the target obstacle. Removing the obstacle will facilitate the evacuation of these individuals, which is the primary priority. The travel burden is minimal as the distance to the exit is only 2, and the agent currently has no volunteer load, making it feasible to assist."
18,-1776838,volunteer,"The estimated evacuation impact of 0.72 indicates a significant benefit to removing the target obstacle, especially with 18 evacuees nearby. The travel burden is minimal as the distance to the exit remains the same at 5.00 after removing the obstacle. Additionally, the current volunteer load is low at 1, allowing the agent to assist without overburdening themselves."
18,-1776852,volunteer,"The agent should volunteer to remove the target obstacle because the estimated evacuation impact is significant (0.66) and there are 8 evacuees near the target obstacle. Although the agent has a current volunteer load of 2, the potential benefit to the overall evacuation outweighs the travel burden and current load."
18,-1776838,volunteer,"assigned volunteer cleared obstacle"
19,-1776852,volunteer,"assigned volunteer cleared obstacle"
22,-1776824,volunteer,"assigned volunteer cleared obstacle"
24,-1776838,volunteer,"The agent should volunteer to remove the target obstacle at (13, 26) because it has a significant evacuation impact (0.71) and there are 14 evacuees near the target obstacle. The distance to the exit is only 5, and the distance from the target obstacle to the exit is 3, making it feasible for the agent to assist without a heavy travel burden. Additionally, the agent currently has no volunteer load, allowing them to contribute effectively."
24,-1776866,volunteer,"The estimated evacuation impact of 0.64 indicates a significant benefit to removing the target obstacle, which is crucial given that there are 11 evacuees near it. Although the distance to the exit is 4 and the target obstacle is 8 away, the potential positive impact on the evacuation process outweighs the travel burden and the current volunteer load of 1."
24,-1776950,volunteer,"The agent should volunteer to remove the target obstacle because it has a significant evacuation impact (0.59) and there are 6 evacuees near the target obstacle. Although the agent has a current volunteer load of 2, the potential benefit to the evacuation process outweighs the travel burden and current load."
24,-1776838,volunteer,"assigned volunteer cleared obstacle"
24,-1776950,volunteer,"assigned volunteer cleared obstacle"
27,-1776866,volunteer,"assigned volunteer cleared obstacle"
30,-1776838,volunteer,"The agent should volunteer to remove the target obstacle because it has a significant evacuation impact (0.66) and there are 6 evacuees near the target obstacle. The distance to the exit is manageable (5), and the agent has no current volunteer load, making it feasible to assist without a heavy travel burden."
30,-1776950,volunteer,"The agent should volunteer to remove the target obstacle because it has a significant evacuation impact (0.65) and there are 5 evacuees near the target obstacle. Removing this obstacle will facilitate their exit, which is a priority. The travel burden is manageable as the distance to the exit is only 4, and the agent's current volunteer load is low (1). Thus, the benefits of volunteering outweigh the costs."
30,-1776978,volunteer,"The agent should volunteer to remove the target obstacle because it has a significant evacuation impact (0.64) with 7 evacuees near the target obstacle. Although the agent has a current volunteer load of 2, the evacuation impact takes priority, and the distance to the exit is manageable (3). Removing the obstacle will facilitate the evacuation of multiple individuals."
31,-1776838,volunteer,"assigned volunteer cleared obstacle"
31,-1776978,volunteer,"assigned volunteer cleared obstacle"
36,-1776950,volunteer,"The estimated evacuation impact of 0.60 indicates that removing the target obstacle will significantly aid the evacuation process. The agent is currently not burdened with any volunteer load and is in proximity to the target obstacle, making it feasible to assist without a substantial travel burden. Therefore, volunteering is the optimal choice."
36,-1776978,volunteer,"The agent should volunteer to remove the target obstacle at (28, 15) because it has a significant evacuation impact (0.67) and there are 5 evacuees near the target obstacle. The distance to the exit is only 1.00 after removing the obstacle, which will facilitate a quicker evacuation for those nearby. Although the agent has a current volunteer load of 1, the benefits of assisting in the evacuation outweigh the travel burden."
36,-1776992,selfish,"The estimated evacuation impact of removing the target obstacle is 0.59, which is moderate but not high enough to outweigh the travel burden of moving to the target obstacle (7.00 distance to exit) and the current volunteer load (2 volunteers already). Given the agent's role as an evacuee and the presence of nearby agents, it is more beneficial for the agent to remain selfish and prioritize their own evacuation."
36,-1776978,volunteer,"assigned volunteer cleared obstacle"
38,-1776950,volunteer,"assigned volunteer cleared obstacle"
42,-1776950,volunteer,"The agent should volunteer to remove the target obstacle because it has a significant evacuation impact (0.63) and there is an evacuee nearby who would benefit from the removal. The distance to the exit is short (5), and the agent has no current volunteer load, making it feasible to assist without a significant travel burden."
42,-1776978,selfish,"The estimated evacuation impact of removing the target obstacle is moderate (0.58), but the agent is already carrying a current volunteer load and is only 5 units away from the exit. Given the travel burden and the presence of only one nearby evacuee, it is more beneficial for the agent to prioritize their own evacuation rather than volunteering to remove the obstacle."
42,-1777328,volunteer,"The agent should volunteer to remove the target obstacle because it has a significant evacuation impact (0.62) and there are evacuees (2) near the target obstacle. Although the agent has a current volunteer load of 1 and the travel burden to the target obstacle is not negligible, the potential benefit of facilitating evacuation for others outweighs these concerns."
43,-1777328,volunteer,"assigned volunteer cleared obstacle"
44,-1776950,volunteer,"assigned volunteer cleared obstacle"
48,-1776978,volunteer,"The agent should volunteer to remove the target obstacle because the estimated evacuation impact is significant (0.56), which indicates that assisting in this situation will greatly benefit the overall evacuation process. The travel burden is manageable with a distance to exit of 4, and the agent currently has no volunteer load, making it feasible to help without compromising their own evacuation."
48,-1778336,selfish,"The agent should remain selfish because the estimated evacuation impact of 0.58 is not high enough to justify the burden of traveling 7 units to remove the target obstacle, especially when the agent is already carrying a current volunteer load and is only 2 units away from the exit."
51,-1776978,volunteer,"assigned volunteer cleared obstacle"
54,-1776978,volunteer,"The estimated evacuation impact of 0.56 indicates that removing the target obstacle will significantly aid in the evacuation process. The agent is currently not burdened with any volunteer load and is in proximity to the target obstacle, making it feasible to assist without a substantial travel burden."
1,-1778930,selfish,"openai request failed: HTTP/1.1 429 Too Many Requests (status=429)"
1,-1778944,selfish,"openai request failed: HTTP/1.1 429 Too Many Requests (status=429)"
1,-1778958,selfish,"openai request failed: HTTP/1.1 429 Too Many Requests (status=429)"
6,-1778930,selfish,"openai request failed: HTTP/1.1 429 Too Many Requests (status=429)"
6,-1778944,selfish,"openai request failed: HTTP/1.1 429 Too Many Requests (status=429)"
6,-1778958,selfish,"openai request failed: HTTP/1.1 429 Too Many Requests (status=429)"
12,-1778930,selfish,"openai request failed: HTTP/1.1 429 Too Many Requests (status=429)"
12,-1778944,selfish,"openai request failed: HTTP/1.1 429 Too Many Requests (status=429)"
12,-1778958,selfish,"openai request failed: HTTP/1.1 429 Too Many Requests (status=429)"
18,-1778930,selfish,"openai request failed: HTTP/1.1 429 Too Many Requests (status=429)"
18,-1778958,selfish,"openai request failed: HTTP/1.1 429 Too Many Requests (status=429)"
18,-1778972,selfish,"openai request failed: HTTP/1.1 429 Too Many Requests (status=429)"
24,-1778930,selfish,"openai request failed: HTTP/1.1 429 Too Many Requests (status=429)"
24,-1778972,selfish,"openai request failed: HTTP/1.1 429 Too Many Requests (status=429)"
24,-1779000,selfish,"openai request failed: HTTP/1.1 429 Too Many Requests (status=429)"
30,-1778972,selfish,"openai request failed: HTTP/1.1 429 Too Many Requests (status=429)"
30,-1779042,selfish,"openai request failed: HTTP/1.1 429 Too Many Requests (status=429)"
30,-1779056,selfish,"openai request failed: HTTP/1.1 429 Too Many Requests (status=429)"
36,-1778972,selfish,"openai request failed: HTTP/1.1 429 Too Many Requests (status=429)"
36,-1779042,selfish,"openai request failed: HTTP/1.1 429 Too Many Requests (status=429)"
36,-1779056,selfish,"openai request failed: HTTP/1.1 429 Too Many Requests (status=429)"
42,-1778972,selfish,"openai request failed: HTTP/1.1 429 Too Many Requests (status=429)"
42,-1779042,selfish,"openai request failed: HTTP/1.1 429 Too Many Requests (status=429)"
42,-1779056,selfish,"openai request failed: HTTP/1.1 429 Too Many Requests (status=429)"
48,-1779056,selfish,"openai request failed: HTTP/1.1 429 Too Many Requests (status=429)"
48,-1779126,selfish,"openai request failed: HTTP/1.1 429 Too Many Requests (status=429)"
48,-1779182,selfish,"openai request failed: HTTP/1.1 429 Too Many Requests (status=429)"
54,-1779056,selfish,"openai request failed: HTTP/1.1 429 Too Many Requests (status=429)"
54,-1779210,selfish,"openai request failed: HTTP/1.1 429 Too Many Requests (status=429)"
54,-1780008,selfish,"openai request failed: HTTP/1.1 429 Too Many Requests (status=429)"
60,-1779056,selfish,"openai request failed: HTTP/1.1 429 Too Many Requests (status=429)"
1,-1781034,selfish,"openai request failed: HTTP/1.1 429 Too Many Requests (status=429)"
1,-1781048,selfish,"openai request failed: HTTP/1.1 429 Too Many Requests (status=429)"
1,-1781062,selfish,"openai request failed: HTTP/1.1 429 Too Many Requests (status=429)"
6,-1781034,selfish,"openai request failed: HTTP/1.1 429 Too Many Requests (status=429)"
6,-1781048,selfish,"openai request failed: HTTP/1.1 429 Too Many Requests (status=429)"
6,-1781062,selfish,"openai request failed: HTTP/1.1 429 Too Many Requests (status=429)"
12,-1781034,selfish,"openai request failed: HTTP/1.1 429 Too Many Requests (status=429)"
12,-1781048,selfish,"openai request failed: HTTP/1.1 429 Too Many Requests (status=429)"
12,-1781062,selfish,"openai request failed: HTTP/1.1 429 Too Many Requests (status=429)"
18,-1781048,selfish,"openai request failed: HTTP/1.1 429 Too Many Requests (status=429)"
18,-1781062,selfish,"openai request failed: HTTP/1.1 429 Too Many Requests (status=429)"
18,-1781076,selfish,"openai request failed: HTTP/1.1 429 Too Many Requests (status=429)"
24,-1781048,selfish,"openai request failed: HTTP/1.1 429 Too Many Requests (status=429)"
24,-1781062,selfish,"openai request failed: HTTP/1.1 429 Too Many Requests (status=429)"
24,-1781076,selfish,"openai request failed: HTTP/1.1 429 Too Many Requests (status=429)"
30,-1781090,selfish,"openai request failed: HTTP/1.1 429 Too Many Requests (status=429)"
30,-1781160,selfish,"openai request failed: HTTP/1.1 429 Too Many Requests (status=429)"
30,-1781188,selfish,"openai request failed: HTTP/1.1 429 Too Many Requests (status=429)"
36,-1781216,selfish,"openai request failed: HTTP/1.1 429 Too Many Requests (status=429)"
36,-1781314,selfish,"openai request failed: HTTP/1.1 429 Too Many Requests (status=429)"
36,-1781356,selfish,"openai request failed: HTTP/1.1 429 Too Many Requests (status=429)"
42,-1781216,selfish,"openai request failed: HTTP/1.1 429 Too Many Requests (status=429)"
42,-1781356,selfish,"openai request failed: HTTP/1.1 429 Too Many Requests (status=429)"
42,-1781384,selfish,"openai request failed: HTTP/1.1 429 Too Many Requests (status=429)"
48,-1781356,selfish,"openai request failed: HTTP/1.1 429 Too Many Requests (status=429)"
48,-1781384,selfish,"openai request failed: HTTP/1.1 429 Too Many Requests (status=429)"
48,-1781860,selfish,"openai request failed: HTTP/1.1 429 Too Many Requests (status=429)"
54,-1781384,selfish,"openai request failed: HTTP/1.1 429 Too Many Requests (status=429)"
54,-1782406,selfish,"openai request failed: HTTP/1.1 429 Too Many Requests (status=429)"
54,-1782938,selfish,"openai request failed: HTTP/1.1 429 Too Many Requests (status=429)"
60,-1781384,selfish,"openai request failed: HTTP/1.1 429 Too Many Requests (status=429)"
60,-1782938,selfish,"openai request failed: HTTP/1.1 429 Too Many Requests (status=429)"
66,-1781384,selfish,"openai request failed: HTTP/1.1 429 Too Many Requests (status=429)"
1,-1783138,selfish,"openai request failed: HTTP/1.1 429 Too Many Requests (status=429)"
1,-1783152,selfish,"openai request failed: HTTP/1.1 429 Too Many Requests (status=429)"
1,-1783166,selfish,"openai request failed: HTTP/1.1 429 Too Many Requests (status=429)"
6,-1783138,selfish,"openai request failed: HTTP/1.1 429 Too Many Requests (status=429)"
6,-1783166,selfish,"openai request failed: HTTP/1.1 429 Too Many Requests (status=429)"
6,-1783180,selfish,"openai request failed: HTTP/1.1 429 Too Many Requests (status=429)"
12,-1783138,selfish,"openai request failed: HTTP/1.1 429 Too Many Requests (status=429)"
12,-1783166,selfish,"openai request failed: HTTP/1.1 429 Too Many Requests (status=429)"
12,-1783180,selfish,"openai request failed: HTTP/1.1 429 Too Many Requests (status=429)"
18,-1783152,selfish,"openai request failed: HTTP/1.1 429 Too Many Requests (status=429)"
18,-1783166,selfish,"openai request failed: HTTP/1.1 429 Too Many Requests (status=429)"
18,-1783194,selfish,"openai request failed: HTTP/1.1 429 Too Many Requests (status=429)"
24,-1783166,selfish,"openai request failed: HTTP/1.1 429 Too Many Requests (status=429)"
24,-1783236,selfish,"openai request failed: HTTP/1.1 429 Too Many Requests (status=429)"
24,-1783250,selfish,"openai request failed: HTTP/1.1 429 Too Many Requests (status=429)"
30,-1783166,selfish,"openai request failed: HTTP/1.1 429 Too Many Requests (status=429)"
30,-1783236,selfish,"openai request failed: HTTP/1.1 429 Too Many Requests (status=429)"
30,-1783250,selfish,"openai request failed: HTTP/1.1 429 Too Many Requests (status=429)"
36,-1783236,selfish,"openai request failed: HTTP/1.1 429 Too Many Requests (status=429)"
36,-1783250,selfish,"openai request failed: HTTP/1.1 429 Too Many Requests (status=429)"
36,-1783432,selfish,"openai request failed: HTTP/1.1 429 Too Many Requests (status=429)"
42,-1783236,selfish,"openai request failed: HTTP/1.1 429 Too Many Requests (status=429)"
42,-1783628,selfish,"openai request failed: HTTP/1.1 429 Too Many Requests (status=429)"
42,-1783894,selfish,"openai request failed: HTTP/1.1 429 Too Many Requests (status=429)"
48,-1783236,selfish,"openai request failed: HTTP/1.1 429 Too Many Requests (status=429)"
48,-1784188,selfish,"openai request failed: HTTP/1.1 429 Too Many Requests (status=429)"
48,-1784958,selfish,"openai request failed: HTTP/1.1 429 Too Many Requests (status=429)"
54,-1784958,selfish,"openai request failed: HTTP/1.1 429 Too Many Requests (status=429)"
1,-1785242,selfish,"openai request failed: HTTP/1.1 429 Too Many Requests (status=429)"
1,-1785256,selfish,"openai request failed: HTTP/1.1 429 Too Many Requests (status=429)"
1,-1785270,selfish,"openai request failed: HTTP/1.1 429 Too Many Requests (status=429)"
6,-1785242,selfish,"openai request failed: HTTP/1.1 429 Too Many Requests (status=429)"
6,-1785256,selfish,"openai request failed: HTTP/1.1 429 Too Many Requests (status=429)"
6,-1785270,selfish,"openai request failed: HTTP/1.1 429 Too Many Requests (status=429)"
12,-1785256,selfish,"openai request failed: HTTP/1.1 429 Too Many Requests (status=429)"
12,-1785270,selfish,"openai request failed: HTTP/1.1 429 Too Many Requests (status=429)"
12,-1785284,selfish,"openai request failed: HTTP/1.1 429 Too Many Requests (status=429)"
18,-1785242,selfish,"openai request failed: HTTP/1.1 429 Too Many Requests (status=429)"
18,-1785256,selfish,"openai request failed: HTTP/1.1 429 Too Many Requests (status=429)"
18,-1785284,selfish,"openai request failed: HTTP/1.1 429 Too Many Requests (status=429)"
24,-1785256,selfish,"openai request failed: HTTP/1.1 429 Too Many Requests (status=429)"
24,-1785284,selfish,"openai request failed: HTTP/1.1 429 Too Many Requests (status=429)"
24,-1785298,selfish,"openai request failed: HTTP/1.1 429 Too Many Requests (status=429)"
30,-1785256,selfish,"openai request failed: HTTP/1.1 429 Too Many Requests (status=429)"
30,-1785284,selfish,"openai request failed: HTTP/1.1 429 Too Many Requests (status=429)"
30,-1785298,selfish,"openai request failed: HTTP/1.1 429 Too Many Requests (status=429)"
36,-1785340,selfish,"openai request failed: HTTP/1.1 429 Too Many Requests (status=429)"
36,-1785354,selfish,"openai request failed: HTTP/1.1 429 Too Many Requests (status=429)"
36,-1785396,selfish,"openai request failed: HTTP/1.1 429 Too Many Requests (status=429)"
42,-1785340,selfish,"openai request failed: HTTP/1.1 429 Too Many Requests (status=429)"
42,-1785480,selfish,"openai request failed: HTTP/1.1 429 Too Many Requests (status=429)"
42,-1785620,selfish,"openai request failed: HTTP/1.1 429 Too Many Requests (status=429)"
48,-1785340,selfish,"openai request failed: HTTP/1.1 429 Too Many Requests (status=429)"
48,-1785480,selfish,"openai request failed: HTTP/1.1 429 Too Many Requests (status=429)"
48,-1785970,selfish,"openai request failed: HTTP/1.1 429 Too Many Requests (status=429)"
54,-1785970,selfish,"openai request failed: HTTP/1.1 429 Too Many Requests (status=429)"
54,-1787006,selfish,"openai request failed: HTTP/1.1 429 Too Many Requests (status=429)"
60,-1787006,selfish,"openai request failed: HTTP/1.1 429 Too Many Requests (status=429)"
1,-1787346,selfish,"openai request failed: HTTP/1.1 429 Too Many Requests (status=429)"
1,-1787360,selfish,"openai request failed: HTTP/1.1 429 Too Many Requests (status=429)"
1,-1787374,selfish,"openai request failed: HTTP/1.1 429 Too Many Requests (status=429)"
6,-1787346,selfish,"openai request failed: HTTP/1.1 429 Too Many Requests (status=429)"
6,-1787360,selfish,"openai request failed: HTTP/1.1 429 Too Many Requests (status=429)"
6,-1787374,selfish,"openai request failed: HTTP/1.1 429 Too Many Requests (status=429)"
12,-1787346,selfish,"openai request failed: HTTP/1.1 429 Too Many Requests (status=429)"
12,-1787360,selfish,"openai request failed: HTTP/1.1 429 Too Many Requests (status=429)"
12,-1787374,selfish,"openai request failed: HTTP/1.1 429 Too Many Requests (status=429)"
18,-1787346,selfish,"openai request failed: HTTP/1.1 429 Too Many Requests (status=429)"
18,-1787374,selfish,"openai request failed: HTTP/1.1 429 Too Many Requests (status=429)"
18,-1787402,selfish,"openai request failed: HTTP/1.1 429 Too Many Requests (status=429)"
24,-1787346,selfish,"openai request failed: HTTP/1.1 429 Too Many Requests (status=429)"
24,-1787402,selfish,"openai request failed: HTTP/1.1 429 Too Many Requests (status=429)"
24,-1787416,selfish,"openai request failed: HTTP/1.1 429 Too Many Requests (status=429)"
30,-1787346,selfish,"openai request failed: HTTP/1.1 429 Too Many Requests (status=429)"
30,-1787430,selfish,"openai request failed: HTTP/1.1 429 Too Many Requests (status=429)"
30,-1787444,selfish,"openai request failed: HTTP/1.1 429 Too Many Requests (status=429)"
36,-1787430,selfish,"openai request failed: HTTP/1.1 429 Too Many Requests (status=429)"
36,-1787444,selfish,"openai request failed: HTTP/1.1 429 Too Many Requests (status=429)"
36,-1787458,selfish,"openai request failed: HTTP/1.1 429 Too Many Requests (status=429)"
42,-1787430,selfish,"openai request failed: HTTP/1.1 429 Too Many Requests (status=429)"
42,-1787444,selfish,"openai request failed: HTTP/1.1 429 Too Many Requests (status=429)"
42,-1787570,selfish,"openai request failed: HTTP/1.1 429 Too Many Requests (status=429)"
48,-1787444,selfish,"openai request failed: HTTP/1.1 429 Too Many Requests (status=429)"
48,-1787976,selfish,"openai request failed: HTTP/1.1 429 Too Many Requests (status=429)"
48,-1788060,selfish,"openai request failed: HTTP/1.1 429 Too Many Requests (status=429)"
54,-1787444,selfish,"openai request failed: HTTP/1.1 429 Too Many Requests (status=429)"
54,-1787976,selfish,"openai request failed: HTTP/1.1 429 Too Many Requests (status=429)"
54,-1788102,selfish,"openai request failed: HTTP/1.1 429 Too Many Requests (status=429)"
60,-1788536,selfish,"openai request failed: HTTP/1.1 429 Too Many Requests (status=429)"
1,-1789450,selfish,"openai request failed: HTTP/1.1 429 Too Many Requests (status=429)"
1,-1789464,selfish,"openai request failed: HTTP/1.1 429 Too Many Requests (status=429)"
1,-1789478,selfish,"openai request failed: HTTP/1.1 429 Too Many Requests (status=429)"
6,-1789450,selfish,"openai request failed: HTTP/1.1 429 Too Many Requests (status=429)"
6,-1789464,selfish,"openai request failed: HTTP/1.1 429 Too Many Requests (status=429)"
6,-1789478,selfish,"openai request failed: HTTP/1.1 429 Too Many Requests (status=429)"
12,-1789450,selfish,"openai request failed: HTTP/1.1 429 Too Many Requests (status=429)"
12,-1789464,selfish,"openai request failed: HTTP/1.1 429 Too Many Requests (status=429)"
12,-1789478,selfish,"openai request failed: HTTP/1.1 429 Too Many Requests (status=429)"
18,-1789464,selfish,"openai request failed: HTTP/1.1 429 Too Many Requests (status=429)"
18,-1789478,selfish,"openai request failed: HTTP/1.1 429 Too Many Requests (status=429)"
18,-1789506,selfish,"openai request failed: HTTP/1.1 429 Too Many Requests (status=429)"
24,-1789464,selfish,"openai request failed: HTTP/1.1 429 Too Many Requests (status=429)"
24,-1789478,selfish,"openai request failed: HTTP/1.1 429 Too Many Requests (status=429)"
24,-1789506,selfish,"openai request failed: HTTP/1.1 429 Too Many Requests (status=429)"
30,-1789464,selfish,"openai request failed: HTTP/1.1 429 Too Many Requests (status=429)"
30,-1789506,selfish,"openai request failed: HTTP/1.1 429 Too Many Requests (status=429)"
30,-1789520,selfish,"openai request failed: HTTP/1.1 429 Too Many Requests (status=429)"
36,-1789464,selfish,"openai request failed: HTTP/1.1 429 Too Many Requests (status=429)"
36,-1789534,selfish,"openai request failed: HTTP/1.1 429 Too Many Requests (status=429)"
36,-1789576,selfish,"openai request failed: HTTP/1.1 429 Too Many Requests (status=429)"
42,-1789576,selfish,"openai request failed: HTTP/1.1 429 Too Many Requests (status=429)"
42,-1789604,selfish,"openai request failed: HTTP/1.1 429 Too Many Requests (status=429)"
42,-1789618,selfish,"openai request failed: HTTP/1.1 429 Too Many Requests (status=429)"
48,-1789604,selfish,"openai request failed: HTTP/1.1 429 Too Many Requests (status=429)"
48,-1789618,selfish,"openai request failed: HTTP/1.1 429 Too Many Requests (status=429)"
48,-1789842,selfish,"openai request failed: HTTP/1.1 429 Too Many Requests (status=429)"
54,-1789842,selfish,"openai request failed: HTTP/1.1 429 Too Many Requests (status=429)"
54,-1790164,selfish,"openai request failed: HTTP/1.1 429 Too Many Requests (status=429)"
54,-1790248,selfish,"openai request failed: HTTP/1.1 429 Too Many Requests (status=429)"
60,-1790248,selfish,"openai request failed: HTTP/1.1 429 Too Many Requests (status=429)"
1,-1791554,selfish,"openai request failed: HTTP/1.1 429 Too Many Requests (status=429)"
1,-1791568,selfish,"openai request failed: HTTP/1.1 429 Too Many Requests (status=429)"
1,-1791582,selfish,"openai request failed: HTTP/1.1 429 Too Many Requests (status=429)"
6,-1791554,selfish,"openai request failed: HTTP/1.1 429 Too Many Requests (status=429)"
6,-1791568,selfish,"openai request failed: HTTP/1.1 429 Too Many Requests (status=429)"
6,-1791582,selfish,"openai request failed: HTTP/1.1 429 Too Many Requests (status=429)"
12,-1791554,selfish,"openai request failed: HTTP/1.1 429 Too Many Requests (status=429)"
12,-1791568,selfish,"openai request failed: HTTP/1.1 429 Too Many Requests (status=429)"
12,-1791582,selfish,"openai request failed: HTTP/1.1 429 Too Many Requests (status=429)"
18,-1791568,selfish,"openai request failed: HTTP/1.1 429 Too Many Requests (status=429)"
18,-1791582,selfish,"openai request failed: HTTP/1.1 429 Too Many Requests (status=429)"
18,-1791596,selfish,"openai request failed: HTTP/1.1 429 Too Many Requests (status=429)"
24,-1791568,selfish,"openai request failed: HTTP/1.1 429 Too Many Requests (status=429)"
24,-1791582,selfish,"openai request failed: HTTP/1.1 429 Too Many Requests (status=429)"
24,-1791596,selfish,"openai request failed: HTTP/1.1 429 Too Many Requests (status=429)"
30,-1791568,selfish,"openai request failed: HTTP/1.1 429 Too Many Requests (status=429)"
30,-1791582,selfish,"openai request failed: HTTP/1.1 429 Too Many Requests (status=429)"
30,-1791596,selfish,"openai request failed: HTTP/1.1 429 Too Many Requests (status=429)"
36,-1791568,selfish,"openai request failed: HTTP/1.1 429 Too Many Requests (status=429)"
36,-1791596,selfish,"openai request failed: HTTP/1.1 429 Too Many Requests (status=429)"
36,-1791652,selfish,"openai request failed: HTTP/1.1 429 Too Many Requests (status=429)"
42,-1791596,selfish,"openai request failed: HTTP/1.1 429 Too Many Requests (status=429)"
42,-1791652,selfish,"openai request failed: HTTP/1.1 429 Too Many Requests (status=429)"
42,-1791666,selfish,"openai request failed: HTTP/1.1 429 Too Many Requests (status=429)"
48,-1791988,selfish,"openai request failed: HTTP/1.1 429 Too Many Requests (status=429)"
48,-1792212,selfish,"openai request failed: HTTP/1.1 429 Too Many Requests (status=429)"
48,-1792856,selfish,"openai request failed: HTTP/1.1 429 Too Many Requests (status=429)"
54,-1793332,selfish,"openai request failed: HTTP/1.1 429 Too Many Requests (status=429)"
